protein1,protein2
CFTR,SEC24B
RALA,MAPK10
CACNG3,CAMK2D
CD4,ENPEP
CD4,SCD5
MRI1,ENOPH1
PSMA4,NFKB1
PSMA4,HNRNPD
MRPS10,MRPL1
MRPS10,MRPS18C
RFC2,RCHY1
MRPS35,MRPS18C
PSMC4,HNRNPD
PSMC4,EIF4E
PSMC4,NFKB1
TNFRSF1A,NFKB1
GOLGA5,RAB33B
BCL3,NFKB1
TRIP13,CCNA2
TRIP13,MAD2L1
KEAP1,KLHL8
NGFR,MAPK10
NGFR,CASP6
NTN1,UNC5C
PTPN18,PTPN13
MRPS34,MRPS18C
NDUFB4,NDUFC1
OXCT1,BDH2
MRPL28,MRPS18C
MRPL28,MRPL1
PPP1R15A,SMAD1
ESF1,SDAD1
LAG3,SNCA
EFNB1,PTPN13
DLD,PPM1K
OSGEP,EMCN
ADH1A,ADH1B
CDC6,LIN54
CDC6,ANAPC10
CDC6,CCNA2
KLHL20,KLHL8
PSMD5,NFKB1
VCL,ANXA5
SIRT1,NFKB1
SIRT1,SETD7
PSMD8,NFKB1
PSMD8,HNRNPD
NDUFB7,NDUFC1
TECR,ELOVL6
CDC34,UBE2D3
CDC34,NFKB1
LZTR1,KLHL8
OSM,FGF2
SF3A1,LSM6
USP18,HERC5
SNRPD3,LSM6
SNRPD3,NUP54
MAPK1,FGF2
MAPK1,LAMTOR3
MAPK1,GAB1
MAPK1,NFKB1
MAPK1,SMAD1
PLA2G3,PLA2G12A
XBP1,SEC31A
HMGXB4,SMARCA5
MCM5,CCNA2
MCM5,MAD2L1
EIF3D,ABCE1
ST13,HSPA4L
IL2RB,IL15
RBX1,UBE2D3
RBX1,KLHL8
RBX1,COPS4
PHF5A,LSM6
CERK,SGMS2
PIGH,PYURF
PSMA3,NFKB1
PSMA3,HNRNPD
GSTZ1,HPGDS
EIF5,ABCE1
MTHFD1,MTHFD2L
NFKBIA,NFKB1
PSME2,HNRNPD
PSME2,NFKB1
AURKA,CCNA2
AURKA,MAD2L1
PROCR,PF4
MYBL2,CCNA2
MYBL2,LIN54
CSNK2A1,SNCA
PSMD10,HNRNPD
PSMD10,NFKB1
TIMP1,FGF2
ATP12A,PPA2
MMP2,FGF2
ORC6,CCNA2
NUTF2,NUP54
CCL22,CXCL10
CCL22,CXCL8
CCL22,CXCL1
CCL22,CXCL2
POLR2C,METTL14
PSMD7,HNRNPD
PSMD7,NFKB1
SETD6,NFKB1
SMPD3,SGMS2
TSC2,LAMTOR3
STUB1,SNCA
STUB1,UBE2D3
CDIPT,CDS1
CSK,AREG
CSK,GAB1
CSK,BTC
MTFMT,MTHFD2L
OIP5,CCNA2
AGO2,EIF4E
AGO2,HNRNPD
PAG1,GAB1
DKK4,DKK2
EIF3E,ABCE1
CHRAC1,SMARCA5
GSR,HPGDS
PPP2CB,PPP3CA
EXOSC5,EXOSC9
CYP4F3,CYP2U1
HNRNPL,HNRNPD
HNRNPL,HNRNPDL
RELB,NFKB1
SF3A2,LSM6
AMH,SMAD1
AES,LEF1
CYP4F2,CYP2U1
FBL,ABCE1
FBL,SDAD1
FBL,GAR1
POLR2I,METTL14
TGFB1,SMAD1
TGFB1,FGF2
CD79A,CXCL9
CD79A,DAPP1
EPOR,GAB1
RPL18A,RPL34
RPL18A,MRPL1
PIK3R2,INPP4B
RAB3A,SNCA
ABCF2,ABCE1
HGF,FGF2
HGF,GAB1
UBE2D4,UBE2D3
BET1,AREG
BET1,SEC24D
BET1,SEC24B
BET1,USO1
MPP6,EXOSC9
WASL,GAB1
AIMP2,AIMP1
RBM28,SDAD1
RPA3,RCHY1
PSMA2,HNRNPD
PSMA2,NFKB1
MRPL32,MRPS18C
MRPL32,MRPL1
YKT6,USO1
YKT6,RAB33B
SETX,EXOSC9
CYP26A1,ADH1B
CYP26A1,ADH1C
CYP26A1,ADH5
RPL19,RPL34
CSF3,CXCL8
CSF3,CXCL10
CSF3,CXCL1
CSF3,CXCL2
GOSR2,SEC24D
GOSR2,SEC24B
GOSR2,USO1
RPS6KB1,EIF4E
RPS6KB1,LAMTOR3
GOSR1,RAB33B
CCL2,CXCL9
CCL2,CXCL8
CCL2,CXCL2
CCL2,CXCL1
CCL2,CXCL10
MRPL27,MRPL1
MRPL27,MRPS18C
HDAC5,CAMK2D
IBSP,SPP1
JADE1,KAT7
JADE1,MEAF6
JADE1,ING4
JADE1,VHL
JADE1,ING5
PF4V1,CXCL10
PF4V1,CXCL11
PF4V1,CXCL9
NFKB1,HDAC1
NFKB1,PSMD3
NFKB1,CHUK
NFKB1,S100A12
NFKB1,PSMC4
NFKB1,PSMA5
NFKB1,PSMB9
NFKB1,PSMD9
NFKB1,TLR2
NFKB1,BTRC
NFKB1,PSME2
NFKB1,NFKBIB
NFKB1,POU2F2
NFKB1,PSMD14
NFKB1,IKBKG
NFKB1,SIRT1
NFKB1,LYN
NFKB1,HMGB1
NFKB1,PSMC5
NFKB1,ITGAM
NFKB1,SYK
NFKB1,NFKBIA
NFKB1,MAPK14
NFKB1,IL23A
NFKB1,PSMB11
NFKB1,PSMB7
NFKB1,PSME1
NFKB1,PSMA7
NFKB1,TXN
NFKB1,IL23R
NFKB1,RELB
NFKB1,BCL2A1
NFKB1,MAPK1
NFKB1,PSMC1
NFKB1,NGF
NFKB1,PSMD8
NFKB1,PSME4
NFKB1,PSMD5
NFKB1,PRKCD
NFKB1,LPAR1
NFKB1,PSMD7
NFKB1,MAPK3
NFKB1,SQSTM1
NFKB1,PSMA2
NFKB1,BCL3
NFKB1,TYK2
NFKB1,PRKACB
NFKB1,NFKBIE
NFKB1,TDP2
NFKB1,PSMD11
NFKB1,MAPK8
NFKB1,TRAF6
NFKB1,IL12B
NFKB1,TEK
NFKB1,PIK3R1
NFKB1,SETD6
NFKB1,EP300
NFKB1,PRKCZ
NFKB1,AGER
NFKB1,TRADD
NFKB1,PSMB2
NFKB1,PSMA8
NFKB1,NFKBIZ
NFKB1,HDAC2
NFKB1,IRAK1
NFKB1,PSMD10
NFKB1,JAK2
NFKB1,MAP3K8
NFKB1,DHX9
NFKB1,CREBBP
NFKB1,RELA
NFKB1,STAT4
NFKB1,CXCL8
NFKB1,APP
NFKB1,CTNNB1
NFKB1,PSMC6
NFKB1,PSMB4
NFKB1,MTOR
NFKB1,LPAR3
NFKB1,RIPK1
NFKB1,IL1RAP
NFKB1,S100B
NFKB1,CDC34
NFKB1,ARRB2
NFKB1,REL
NFKB1,NLRP3
NFKB1,PSMB6
NFKB1,PSMD2
NFKB1,IL18R1
NFKB1,ITGB2
NFKB1,TNIP2
NFKB1,TERT
NFKB1,PRKCA
NFKB1,LPAR2
NFKB1,UBE2D2
NFKB1,PSMD12
NFKB1,PSMC3
NFKB1,IL18RAP
NFKB1,PSMB10
NFKB1,NKIRAS1
NFKB1,ERC1
NFKB1,PSMA3
NFKB1,PSMD6
NFKB1,TNF
NFKB1,NFKB2
NFKB1,PPARG
NFKB1,AKT1
NFKB1,IL12RB1
NFKB1,IKBKB
NFKB1,PSMF1
NFKB1,SRC
NFKB1,PSMB5
NFKB1,ANGPT1
NFKB1,CD40
NFKB1,PSMB8
NFKB1,YWHAE
NFKB1,LCK
NFKB1,PSMD1
NFKB1,NR3C1
NFKB1,PSMD4
NFKB1,CASP8
NFKB1,IL1A
NFKB1,PSMA4
NFKB1,MYD88
NFKB1,PRKCI
NFKB1,PRKACG
NFKB1,TRAF1
NFKB1,PSME3
NFKB1,PSMD13
NFKB1,UBE2D1
NFKB1,IL18
NFKB1,IL1R1
NFKB1,PIK3CA
NFKB1,TRAF2
NFKB1,NKIRAS2
NFKB1,HDAC3
NFKB1,PSMA6
NFKB1,PSMB3
NFKB1,PSMB1
NFKB1,PSMA1
NFKB1,PRKACA
NFKB1,EPO
NFKB1,RAN
NFKB1,RPS6KA5
NFKB1,TLR4
NFKB1,IL1B
NFKB1,PSMC2
NFKB1,XPO1
NFKB1,SAA1
NFKB1,CD40LG
NFKB1,TNFRSF1A
NFKB1,IL6
MANBA,MAN2B1
IL2,IL15
WFS1,CISD2
GAR1,PPP6R3
GAR1,TEP1
GAR1,DKC1
GAR1,BRIX1
GAR1,TRUB1
GAR1,NOP58
GAR1,NVL
GAR1,NOP10
GAR1,FBLL1
GAR1,NHP2
GAR1,EBNA1BP2
GAR1,PTGES3
GAR1,NIP7
GAR1,TERT
GAR1,ANKRD28
GAR1,RUVBL2
GAR1,BOP1
GAR1,GNL3L
GAR1,POLR1B
GAR1,CDK2
GAR1,DDX18
GAR1,FBL
GAR1,CCNA2
GAR1,NOP56
GAR1,NAF1
GAR1,NHP2L1
GAR1,SHQ1
GAR1,WRAP53
GAR1,RUVBL1
GAR1,PIF1
SPI1,TET2
CCND1,LEF1
KITLG,GAB1
SART3,LARP7
SART3,LSM6
POLR3B,SDAD1
IL23A,NFKB1
IL23A,FGF2
GLI1,INTU
ITFG2,LAMTOR3
ARPC3,GAB1
FGF6,FGF2
CDKN1B,ANAPC10
CDKN1B,CCNA2
NUP107,HSPA4L
NUP107,NUP54
NUP107,EIF4E
CNOT2,EIF4E
CNOT2,CNOT6L
GAPDH,SNCA
NANOG,FGF2
NANOG,TET2
PRKAB1,LAMTOR3
FBXO5,ANAPC10
FBXO5,CCNA2
MAPK14,CXCL8
MAPK14,NFKB1
MAPK14,EIF4E
RPS12,ABCE1
RPS12,RPL34
GMNN,CCNA2
FIG4,INPP4B
BYSL,SDAD1
SKIV2L2,EXOSC9
HBEGF,BTC
IL12B,CXCL8
IL12B,CXCL2
IL12B,CXCL10
IL12B,CXCL1
IL12B,NFKB1
IL4,CXCL8
SKP1,CCNA2
NUP155,HSPA4L
NUP155,NUP54
NUP155,EIF4E
NR3C1,MAPK10
NR3C1,NFKB1
RARS,AIMP1
CDX1,LEF1
EHHADH,HADH
UBE3A,UBE2D3
HES1,CAMK2D
HES1,MAML3
NPRL2,LAMTOR3
EIF2AK2,HERC5
MSH2,SMARCAD1
NCK2,GAB1
NDUFS7,NDUFC1
IGFBP5,SPP1
PROC,PF4
ID2,PKD2
CEBPZ,SDAD1
ORC2,CCNA2
PPP3R1,PPP3CA
PLEK,ANXA5
SPR,PRKG2
MAD2L2,MAD2L1
ATIC,MTHFD2L
RPN2,OSTC
PKD2,ITPR1
PKD2,EXOC5
PKD2,RYR2
PKD2,TRPC1
PKD2,PKHD1
PKD2,HAX1
PKD2,TRPV4
PKD2,PKD1
PKD2,ID2
PKD2,PACS1
ABCG2,ABCC2
ABCG2,ABCC1
STBD1,PPP1R3C
STBD1,GABARAPL1
STBD1,EPM2A
CCNI,CDK5
ELL2,AFF1
NDUFB3,NDUFC1
CPSF3,NUP54
DDX55,SDAD1
NEK9,NUP54
ACOT2,SCD5
TGFB3,SMAD1
PPP1R3C,STBD1
DUSP1,MAPK10
KLRK1,IL15
TFG,SEC31A
NAA50,NAA15
MAPK8IP1,MAPK10
ACVR2A,SMAD1
BBS9,BBS12
BBS9,BBS7
TWIST1,G3BP2
EGR2,SCD5
TNFAIP6,CXCL8
PLA2G12A,PLA2G3
PLA2G12A,PLA2G2D
PLA2G12A,PLA2G10
ACTR5,COPS4
SYS1,SEC24B
PLCG1,GAB1
PLCG1,COPS4
PTGIS,HPGDS
MCEE,MMAA
HIST1H4F,SMARCA5
HIST1H1A,CXCL11
EREG,AREG
BBS2,BBS7
BBS2,BBS12
BMP4,SMAD1
MRPS7,RPL34
MRPS7,MRPS18C
MRPS7,MRPL1
NUP85,NUP54
NUP85,EIF4E
NUP85,HSPA4L
MBOAT7,CDS1
C3,CFI
VASP,PRKG2
VASP,CXCL8
SYMPK,NUP54
CDC25B,CCNA2
MKKS,BBS12
MKKS,BBS7
SNRPB2,LSM6
RALY,HNRNPD
GLTSCR2,SDAD1
DDX49,SDAD1
DLGAP5,MAML3
DLGAP5,MAD2L1
DLGAP5,CCNA2
SGPP1,SGMS2
CANX,ENPEP
TRAF2,MAPK10
TRAF2,NFKB1
TUBA4A,ANXA5
HSPB1,HNRNPD
PTPN12,PTPN13
LIF,CXCL8
LIF,CXCL10
LIF,FGF2
LIF,CXCL2
LIF,CXCL1
PMPCB,COQ2
LSM8,LSM6
COPB1,USO1
MYOD1,SETD7
EGLN3,UBE2D3
NEDD8,COPS4
NEDD8,UBE2D3
DAD1,OSTC
RAP1B,GAB1
MAPK8IP3,MAPK10
LMAN1,SEC24B
LMAN1,SEC31A
CERS4,SGMS2
RPS16,RPL34
RPS16,ABCE1
NCAPG,CCNA2
NCAPG,MAD2L1
ALOX12,CYP2U1
RAF1,PAPSS1
NDUFA2,NDUFC1
APOE,SNCA
MRPL34,MRPL1
LSM7,LSM6
MLLT1,AFF1
NDUFA10,NDUFC1
EPO,GAB1
EPO,NFKB1
JUND,MAPK10
UBE2M,UBE2D3
TRIM28,SMARCAD1
EIF2S3,ABCE1
EIF2S3,EIF4E
SESN2,LAMTOR3
MRPL4,MRPS18C
MRPL4,MRPL1
EIF3G,ABCE1
GINS2,MAD2L1
MRPS25,MRPS18C
PPP1R1B,PPP3CA
SNRPA1,LSM6
DNAJB1,HSPA4L
NUP210,EIF4E
NUP210,HSPA4L
PTCD3,MRPS18C
COQ3,COQ2
NIP7,GAR1
TERF2,CCNA2
HSPA12B,NUP54
AP3B1,CAMK2D
CCNA1,CCNA2
HSPBP1,HSPA4L
KRAS,BTC
KRAS,FGF2
KRAS,CAMK2D
KRAS,PRKG2
KRAS,AREG
IPO8,NUP54
EIF2S1,ABCE1
EIF2S1,EIF4E
MRPS36,MRPS18C
CCNB1,LIN54
CCNB1,USO1
CCNB1,CCNA2
CCNB1,MAD2L1
CCNB1,NUP54
CDK7,CCNA2
VHL,JADE1
SORT1,MAPK10
LAMTOR5,LAMTOR3
LAMTOR5,EIF4E
CCNH,CCNA2
CABLES1,CCNA2
DDB2,COPS4
RAB33A,RAB33B
ZCCHC11,EIF4E
PRPF38A,LSM6
CEP135,PLK4
APC,PTPN13
OASL,HERC5
ORC3,CCNA2
AMHR2,SMAD1
CDK4,CCNA2
ESPL1,CCNA2
SMPD2,SGMS2
MRPL53,MRPL1
KCNMB4,PRKG2
MDM2,UBE2D3
MDM2,RASSF6
MDM2,CCNA2
BCO1,ADH5
BCO1,ADH1C
BCO1,ADH1B
MPHOSPH6,EXOSC9
MRPL44,MRPL1
MRPL44,MRPS18C
EIF4E2,EIF4E
MRPS9,MRPS18C
MRPS9,MRPL1
ALDH1L2,MTHFD2L
COG3,RAB33B
COG3,USO1
NUPL2,EIF4E
DDX56,SDAD1
ACSBG1,ELOVL6
MTHFS,MTHFD2L
KAT7,JADE1
NDUFB5,NDUFC1
BLK,ELF2
BLK,BANK1
BLK,DAPP1
BLK,PTPN13
BLK,SNCA
STX17,SEC24D
STX17,USO1
PSMB7,HNRNPD
PSMB7,NFKB1
RPL35,MRPL1
RPL35,RPL34
RIPK1,NFKB1
RIPK1,UBE2D3
MRPS18B,MRPS18C
POU5F1,FGF2
TLR2,NFKB1
TLR2,SNCA
MRPL15,MRPL1
MRPL15,MRPS18C
BUD13,LSM6
MMP7,SPP1
DCUN1D5,UBE2D3
DCUN1D5,COPS4
THBS1,FGF2
NDUFAF1,NDUFC1
KIF23,MAD2L1
KIF23,CCNA2
PLCB2,SNCA
ADAM10,TSPAN5
RSL24D1,RPL34
RSL24D1,SDAD1
PREB,SEC24B
PREB,SEC24D
CYP2C9,CYP2U1
KIF11,PLK4
KIF11,MAD2L1
KIF11,CCNA2
BARD1,ANAPC10
BARD1,UBE2D3
WDR12,ABCE1
ITGAV,FGF2
ITGAV,SPP1
ASUN,INTS12
MNAT1,CCNA2
TRMT5,TRMT10A
CCND2,CCNA2
PSMC1,NFKB1
PSMC1,HNRNPD
GALC,SGMS2
LRP6,DKK2
LMNB1,CASP6
SNCAIP,SNCA
NUP133,EIF4E
NUP133,NUP54
NUP133,HSPA4L
LPCAT3,CDS1
UBE2K,UBE2D3
PPP2R5A,PPP3CA
PPP2R5A,ANK2
PSMA6,NFKB1
PSMA6,HNRNPD
MAN2A1,RAB33B
NDC80,MAD2L1
NDC80,CCNA2
SLC6A4,SEC24B
UTP6,EXOSC9
PSMD11,NFKB1
PSMD11,HNRNPD
ALDH2,ADH1B
ALDH2,ADH1C
ALDH2,ADH5
NAA25,NAA15
PDGFRB,GAB1
ANAPC5,MAD2L1
ANAPC5,ANAPC10
EIF3J,ABCE1
RAB11A,CXCL8
CCNT1,AFF1
CCNT1,LARP7
CCNT1,CCNA2
MARS,AIMP1
PIK3C3,INPP4B
MCM4,CCNA2
MCM4,MAD2L1
RBL2,CCNA2
RBL2,LIN54
CACNG4,CAMK2D
WDR59,LAMTOR3
SMAD7,SMAD1
SMAD2,UBE2D3
SMAD2,SMAD1
DNAJB6,HSPA4L
RHEB,EIF4E
PSMB1,NFKB1
PSMB1,HNRNPD
PKMYT1,CCNA2
PKD1,PKD2
TCEB2,COPS4
AXIN1,LEF1
CREBBP,LEF1
CREBBP,CXCL8
CREBBP,NFKB1
SMURF2,UBE2D3
SMURF2,SMAD1
COQ9,COQ2
RPL8,RPL34
ATP4A,PPA2
CCNE1,CCNA2
IMPAD1,PAPSS1
IMPAD1,INPP4B
KAL1,FGF2
TEP1,GAR1
PIK3R3,INPP4B
PGS1,CDS1
ELL,AFF1
PRKX,OSTC
RRAGB,LAMTOR3
RRAGB,EIF4E
SAMHD1,CCNA2
E2F3,CCNA2
GNA15,CXCL8
GAB1,ARPC2
GAB1,EGFR
GAB1,FGFR3
GAB1,RAB4A
GAB1,GDNF
GAB1,JAK2
GAB1,GAB2
GAB1,PIK3CA
GAB1,MAP2K1
GAB1,FRS2
GAB1,EPO
GAB1,WASL
GAB1,PRKACA
GAB1,RAP1A
GAB1,FGFR2
GAB1,KITLG
GAB1,HRAS
GAB1,IL6R
GAB1,IL6
GAB1,MAPK3
GAB1,GRAP2
GAB1,PLCG1
GAB1,ACTR3
GAB1,NCK2
GAB1,GRB2
GAB1,CRK
GAB1,RAPGEF1
GAB1,MAPK8
GAB1,CSK
GAB1,PXN
GAB1,PIK3R1
GAB1,EGF
GAB1,ROCK1
GAB1,RAP1B
GAB1,PDGFRB
GAB1,NOS3
GAB1,NTRK1
GAB1,EPOR
GAB1,HGF
GAB1,PTPN2
GAB1,BDNF
GAB1,ARPC3
GAB1,MAPK1
GAB1,SOS1
GAB1,IL6ST
GAB1,ERBB2
GAB1,NGF
GAB1,NTRK2
GAB1,AKT1
GAB1,INPP5D
GAB1,A1BG
GAB1,JAK1
GAB1,KDR
GAB1,LPAR1
GAB1,SRC
GAB1,NTF3
GAB1,HCK
GAB1,RAB4B
GAB1,ARPC5
GAB1,MET
GAB1,PIK3CB
GAB1,GNAI3
GAB1,PAK4
GAB1,CRKL
GAB1,PTPN11
GAB1,PAG1
GAB1,SDC2
GAB1,RAC1
GAB1,KIT
GAB1,VEGFA
GAB1,NTRK3
GAB1,NCK1
GAB1,GFRA1
GAB1,NTF4
GAB1,SHC1
GAB1,GNAI1
GAB1,RET
MAPK3,GAB1
MAPK3,FGF2
MAPK3,LAMTOR3
MAPK3,SMAD1
MAPK3,NFKB1
MAPK3,HERC5
MAP3K8,NFKB1
PLD2,SNCA
PLD2,CDS1
A1BG,GAB1
KIF18A,MAD2L1
DGCR8,METTL14
PPM1F,CAMK2D
UBE2R2,UBE2D3
ACTR3,GAB1
DDX18,ABCE1
DDX18,SDAD1
DDX18,GAR1
EP300,CXCL8
EP300,NFKB1
EP300,LEF1
IL1A,CXCL10
IL1A,CXCL1
IL1A,CXCL2
IL1A,NFKB1
IL1A,CXCL8
IL1B,CXCL1
IL1B,CXCL2
IL1B,CXCL10
IL1B,CXCL8
IL1B,NFKB1
SPTBN4,ANK2
ASF1B,CCNA2
NOTCH3,MAML3
COMMD9,COPS4
BIRC3,UBE2D3
BIRC3,CASP6
MTIF2,MRPS18C
ACVR1,SMAD1
IFIH1,UBE2D3
PNO1,EXOSC9
SNRNP40,LSM6
PTPN4,PTPN13
EPAS1,UBE2D3
SGOL1,CCNA2
NDUFS3,NDUFC1
IL7,IL15
POLR1A,SDAD1
KDR,FGF2
KDR,GAB1
PIK3CA,GAB1
PIK3CA,DAPP1
PIK3CA,NFKB1
CTCF,SMAD1
CBL,UBE2D3
CBL,SPRY1
GPC1,FGF2
GPC1,HPSE
ATF2,SMAD1
ATF2,MAPK10
MCM6,MAD2L1
MCM6,CCNA2
CCNT2,CCNA2
DARS,AIMP1
IL18RAP,NFKB1
NOP58,GAR1
NOP58,ABCE1
YWHAE,NFKB1
HERC6,IFIT1
HERC6,DDX60
HERC6,MX1
HERC6,ISG15
HERC6,RSAD2
HERC5,MX2
HERC5,IFI44L
HERC5,DDX58
HERC5,MX1
HERC5,PPM1B
HERC5,IRF3
HERC5,IFIT1
HERC5,JAK1
HERC5,IFI44
HERC5,MAPK3
HERC5,ARIH1
HERC5,EIF2AK2
HERC5,TRIM25
HERC5,STAT1
HERC5,FLNB
HERC5,OASL
HERC5,ISG15
HERC5,USP18
HERC5,UBE2L6
HERC5,UBA7
HERC5,IFIT3
HERC5,RSAD2
HERC5,IFIT2
PIKFYVE,INPP4B
COPS4,COMMD3
COPS4,DCAF11
COPS4,DDB1
COPS4,RBX1
COPS4,DCAF13
COPS4,ACTL6A
COPS4,COMMD10
COPS4,RBBP5
COPS4,DDA1
COPS4,TCEB2
COPS4,INO80
COPS4,WDTC1
COPS4,RBBP7
COPS4,CUL4B
COPS4,RFWD2
COPS4,INO80E
COPS4,COMMD7
COPS4,DDB2
COPS4,DCUN1D4
COPS4,COPS7A
COPS4,COMMD6
COPS4,DCUN1D2
COPS4,COPS5
COPS4,COMMD4
COPS4,CCDC22
COPS4,COPS6
COPS4,COPS7B
COPS4,DTL
COPS4,CUL3
COPS4,COPS8
COPS4,DCAF6
COPS4,MYEOV2
COPS4,DCUN1D5
COPS4,COMMD9
COPS4,GPS1
COPS4,COMMD8
COPS4,NEDD8
COPS4,DCUN1D1
COPS4,CUL2
COPS4,ACTR8
COPS4,DCAF7
COPS4,CUL1
COPS4,COMMD1
COPS4,COPS3
COPS4,RUVBL1
COPS4,WDR5
COPS4,DCAF10
COPS4,PLCG1
COPS4,COMMD5
COPS4,DCAF4
COPS4,COPS2
COPS4,EIF3M
COPS4,COMMD2
COPS4,ACTR5
COPS4,ACTB
COPS4,CUL4A
PRKG2,MRVI1
PRKG2,GUCY1B3
PRKG2,KCNMA1
PRKG2,KCNMB3
PRKG2,KRAS
PRKG2,PTS
PRKG2,KCNMB4
PRKG2,GUCY1A2
PRKG2,VASP
PRKG2,PPP1R12A
PRKG2,KCNMB1
PRKG2,GUCY1A3
PRKG2,SPR
PRKG2,ITPR1
CUL3,COPS4
CUL3,KLHL8
GUCY1B3,PRKG2
FNIP2,LAMTOR3
FGF2,HSPG2
FGF2,LIF
FGF2,NANOG
FGF2,POMC
FGF2,IL17A
FGF2,MMP2
FGF2,F11R
FGF2,IL6
FGF2,SAA1
FGF2,OSM
FGF2,FGFBP1
FGF2,STAT3
FGF2,IL10
FGF2,FGFR4
FGF2,FN1
FGF2,SDC2
FGF2,KRAS
FGF2,THBS1
FGF2,S100B
FGF2,FLT1
FGF2,GPC3
FGF2,FGFR1
FGF2,MMP3
FGF2,POU5F1
FGF2,HGF
FGF2,NTRK1
FGF2,IL17F
FGF2,BMP2
FGF2,EGF
FGF2,API5
FGF2,FGF6
FGF2,SOX2
FGF2,MMP9
FGF2,MAPK3
FGF2,TIMP1
FGF2,ITGAV
FGF2,MMP1
FGF2,HRAS
FGF2,FGFR2
FGF2,PTX3
FGF2,LCN2
FGF2,FGFR3
FGF2,SDC3
FGF2,IL23A
FGF2,VEGFA
FGF2,ITGB3
FGF2,NRAS
FGF2,SDC1
FGF2,FGFRL1
FGF2,TGFB1
FGF2,KDR
FGF2,KAL1
FGF2,MAPK1
FGF2,IGF1
FGF2,SDC4
FGF2,GPC1
FGF2,CD44
BBS7,BBS9
BBS7,BBS5
BBS7,BBS10
BBS7,LZTFL1
BBS7,CCT4
BBS7,ARL6
BBS7,TTC8
BBS7,CCT8
BBS7,BBS4
BBS7,BBIP1
BBS7,CCT5
BBS7,BBS1
BBS7,CCT3
BBS7,BBS12
BBS7,MKKS
BBS7,RAB3IP
BBS7,TCP1
BBS7,CCT2
BBS7,BBS2
RBBP5,COPS4
UBE2S,ANAPC10
UBE2S,CXCL8
UBE2S,UBE2D3
HDAC4,NUP54
WNT5A,MAPK10
PSMD3,NFKB1
PSMD3,HNRNPD
STAT3,FGF2
STAT3,CXCL8
DNMT3A,TET2
ITGA9,SPP1
NUP54,SNRPB
NUP54,HSPA5
NUP54,HNRNPC
NUP54,NUP155
NUP54,CPSF3
NUP54,HSPA4L
NUP54,HSPA1B
NUP54,CPSF4
NUP54,CPSF1
NUP54,NUTF2
NUP54,GLE1
NUP54,NUP98
NUP54,NUP160
NUP54,NUP43
NUP54,HSPA13
NUP54,NUP205
NUP54,HSPA2
NUP54,SNRPF
NUP54,NUP88
NUP54,NUP62
NUP54,HSPA9
NUP54,CDK1
NUP54,EIF4E
NUP54,HSPA12A
NUP54,GEMIN6
NUP54,C11orf73
NUP54,SEC13
NUP54,NUP214
NUP54,CDCA8
NUP54,DDX20
NUP54,RAE1
NUP54,SEH1L
NUP54,SNUPN
NUP54,IPO8
NUP54,BIRC5
NUP54,GEMIN2
NUP54,KPNB1
NUP54,WDR33
NUP54,NUP107
NUP54,HSPA1A
NUP54,HDAC4
NUP54,SP100
NUP54,NUP85
NUP54,CCNB2
NUP54,HSPA8
NUP54,NUP93
NUP54,HSPA14
NUP54,NUP35
NUP54,SYMPK
NUP54,NUP62CL
NUP54,SLBP
NUP54,GEMIN8
NUP54,FIP1L1
NUP54,SNRPD2
NUP54,HSPA4
NUP54,NUP188
NUP54,NEK9
NUP54,HSPA6
NUP54,NUP133
NUP54,INCENP
NUP54,AURKB
NUP54,SUMO3
NUP54,TOP2A
NUP54,SNRPE
NUP54,HSPA12B
NUP54,CPSF2
NUP54,SNRPD1
NUP54,GEMIN5
NUP54,NUP153
NUP54,NCOA5
NUP54,NUPL1
NUP54,SUMO2
NUP54,RAN
NUP54,XPOT
NUP54,SNRPD3
NUP54,GEMIN7
NUP54,SNRPG
NUP54,HSPA1L
NUP54,CCNB1
NUP54,RANBP2
SCARB2,GBA
PDCD6,SEC31A
PDCD6,SEC24D
PDCD6,SEC24B
XRN1,LSM6
MRPL3,MRPS18C
MRPL3,MRPL1
SSR3,OSTC
MCM2,MAD2L1
MCM2,CCNA2
RAB7A,CXCL8
GOLPH3,SEC24B
FBXW11,PLK4
CENPE,CCNA2
CENPE,PLK4
CENPE,MAD2L1
ENPEP,CD4
ENPEP,CANX
ENPEP,AGT
CASP6,NGF
CASP6,KRT18
CASP6,SATB1
CASP6,EIF4E
CASP6,BDNF
CASP6,CASP2
CASP6,TFAP2A
CASP6,NUMA1
CASP6,EIF4G2
CASP6,LMNB1
CASP6,NGFR
CASP6,LMNB2
CASP6,CASP3
CASP6,BIRC2
CASP6,APP
CASP6,LMNA
CASP6,TP53
CASP6,EIF4G3
CASP6,APAF1
CASP6,TOP1
CASP6,VIM
CASP6,PTK2
CASP6,CASP9
CASP6,BIRC3
CASP6,CASP8
CASP6,EIF4A1
CASP6,EIF4G1
CASP6,ACTB
LEF1,AXIN1
LEF1,HDAC1
LEF1,HIST3H3
LEF1,HNF4A
LEF1,GJA1
LEF1,AXIN2
LEF1,HIST2H2BE
LEF1,CCND1
LEF1,SMAD3
LEF1,EP300
LEF1,CTNNB1
LEF1,HIST2H2AC
LEF1,CREBBP
LEF1,ILK
LEF1,NLK
LEF1,HIST1H2BB
LEF1,AES
LEF1,TLE2
LEF1,NR4A2
LEF1,MYB
LEF1,H2AFX
LEF1,H2AFZ
LEF1,CDX1
LEF1,PAX5
LEF1,TLE1
LEF1,JUP
LEF1,H2AFV
LEF1,SMAD4
LEF1,CTNND2
LEF1,IGF1R
LEF1,MYC
LEF1,PITX2
EGF,AREG
EGF,UBE2D3
EGF,FGF2
EGF,GAB1
PAPSS1,IMPAD1
PAPSS1,SUOX
PAPSS1,PAPSS2
PAPSS1,BPNT1
PAPSS1,ARAF
PAPSS1,JAK2
PAPSS1,RAF1
LSG1,SDAD1
VDAC1,SNCA
UBE2B,UBE2D3
XPO5,EIF4E
PTPN23,PTPN13
EXOSC7,EXOSC9
ANK1,ANK2
CDK6,CCNA2
EIF4H,EIF4E
ACAT1,HADH
HNRNPH3,HNRNPDL
PIK3C2A,INPP4B
ITIH4,SCD5
PRPF6,LSM6
GABARAPL1,STBD1
NDUFA9,NDUFC1
SNRPF,NUP54
SNRPF,LSM6
CDK2,CCNA2
CDK2,GAR1
TARBP2,EIF4E
DHH,HHIP
BIN2,PPP3CA
SMARCC2,SMARCA5
ERBB3,AREG
RB1,CCNA2
PXN,GAB1
PXN,AREG
PXN,BTC
TINF2,CCNA2
NOP9,SDAD1
MFAP1,LSM6
SLC27A2,ELOVL6
COMMD4,COPS4
UBE2Q2,UBE2D3
BCL2A1,NFKB1
IGF1R,LEF1
BBS4,BBS12
BBS4,BBS7
PML,EIF4E
RPL3L,RPL34
NDUFB10,NDUFC1
COPS3,COPS4
NOB1,SDAD1
TP53,SETD7
TP53,MAPK10
TP53,RCHY1
TP53,CCNA2
TP53,CASP6
EIF4A3,CNOT6L
EIF4A3,ABCE1
CBX8,ANAPC10
ERBB2,AREG
ERBB2,GAB1
ERBB2,BTC
TXNL4A,LSM6
BCKDHA,PPM1K
SOD1,ANXA5
GEMIN7,NUP54
SLC6A3,SNCA
CACNG8,CAMK2D
PSMB6,NFKB1
PSMB6,HNRNPD
RPS11,MRPL1
RPS11,ABCE1
RPS11,RPL34
PLK4,BTRC
PLK4,STIL
PLK4,CCNA2
PLK4,CENPE
PLK4,CCNB2
PLK4,BUB1B
PLK4,MAD2L1
PLK4,BUB1
PLK4,ASPM
PLK4,TTK
PLK4,SASS6
PLK4,FBXW11
PLK4,KIF11
PLK4,CEP135
PLK4,CENPJ
PLK4,CCP110
PLK4,CEP192
PLK4,CEP152
PLK4,PCNT
PSMA5,HNRNPD
PSMA5,NFKB1
NUF2,CCNA2
NUF2,MAD2L1
MEF2D,CAMK2D
MEF2D,PPP3CA
SF3B4,LSM6
CERS2,SGMS2
CALM2,PPP3CA
CALM2,CAMK2D
RPS27A,RPL34
RPS27A,SMAD1
RPS27A,UBE2D3
RPS27A,ABCE1
RPS27A,TIFA
RPS27A,HNRNPD
WDPCP,INTU
SNRPG,LSM6
SNRPG,NUP54
MRPS5,MRPS18C
MRPS5,MRPL1
RTKN,HPGDS
RALB,MAPK10
POLR2D,METTL14
SUMF1,ARSJ
ACKR3,CXCL11
RAB5A,CXCL8
CTDSP1,SMAD1
RQCD1,CNOT6L
RQCD1,EIF4E
CTDSPL,SMAD1
LRIG1,AREG
LRIG1,BTC
LIMD1,EIF4E
ALDH1L1,MTHFD2L
RNF7,UBE2D3
AMT,MTHFD2L
ENOPH1,MRI1
ENOPH1,ADI1
ENOPH1,APIP
TRMT10A,TRMT5
KLHL8,KLHL13
KLHL8,RBX1
KLHL8,KLHL20
KLHL8,CUL3
KLHL8,KLHL3
KLHL8,KLHL22
KLHL8,LZTR1
KLHL8,GAN
KLHL8,KLHL42
KLHL8,KCTD13
KLHL8,KLHL21
KLHL8,ENC1
KLHL8,KLHL9
KLHL8,SPOP
KLHL8,KLHL12
KLHL8,KEAP1
KLHL8,SPOPL
KLHL8,KBTBD8
KLHL8,KLHL41
PYURF,PIGH
PYURF,PIGP
PYURF,PIGY
PYURF,PIGA
PYURF,PIGC
PYURF,DPM2
CISD2,WFS1
SPATA5,LACE1
CCNA2,CCNA1
CCNA2,E2F3
CCNA2,PTTG1
CCNA2,TERF1
CCNA2,E2F5
CCNA2,ASPM
CCNA2,PTP4A1
CCNA2,CDC25B
CCNA2,CDC45
CCNA2,MCM2
CCNA2,TERT
CCNA2,TTK
CCNA2,MYBL2
CCNA2,NCAPD2
CCNA2,CDC25A
CCNA2,MCM6
CCNA2,ORC4
CCNA2,NUF2
CCNA2,CDKN1B
CCNA2,CDCA8
CCNA2,RB1
CCNA2,CKAP2
CCNA2,UBE2C
CCNA2,TEN1-CDK3
CCNA2,MCM3
CCNA2,CCNE2
CCNA2,GAR1
CCNA2,BIRC5
CCNA2,OIP5
CCNA2,SMC4
CCNA2,MKI67
CCNA2,SCAPER
CCNA2,TPX2
CCNA2,CDK3
CCNA2,PRC1
CCNA2,CCND2
CCNA2,ATR
CCNA2,CDK1
CCNA2,MCM7
CCNA2,KIAA0101
CCNA2,MCM4
CCNA2,KIF20A
CCNA2,CDK6
CCNA2,AURKB
CCNA2,SKP2
CCNA2,TRIP13
CCNA2,CDKN1C
CCNA2,ESCO2
CCNA2,CDC20
CCNA2,CHEK1
CCNA2,KIF11
CCNA2,CABLES1
CCNA2,FZR1
CCNA2,SHCBP1
CCNA2,MNAT1
CCNA2,FEN1
CCNA2,MCM5
CCNA2,CDK2
CCNA2,SP1
CCNA2,ATRIP
CCNA2,PLK1
CCNA2,CCNB1
CCNA2,FOXM1
CCNA2,BCCIP
CCNA2,UHRF1
CCNA2,KIF2C
CCNA2,SPAG5
CCNA2,KIFC1
CCNA2,EXO1
CCNA2,KIF15
CCNA2,CDK4
CCNA2,CKS1B
CCNA2,CDK14
CCNA2,KIF4A
CCNA2,MCM8
CCNA2,ORC5
CCNA2,CDK7
CCNA2,GMNN
CCNA2,NEK2
CCNA2,PCNA
CCNA2,ORC2
CCNA2,WEE1
CCNA2,CDT1
CCNA2,NHP2
CCNA2,CDK9
CCNA2,E2F1
CCNA2,RBL2
CCNA2,SAMHD1
CCNA2,DTL
CCNA2,HDAC1
CCNA2,RRM2
CCNA2,FBXO5
CCNA2,RACGAP1
CCNA2,POT1
CCNA2,NCAPG
CCNA2,RTEL1
CCNA2,SKP1
CCNA2,ORC6
CCNA2,CDKN3
CCNA2,PKMYT1
CCNA2,DKC1
CCNA2,TYMS
CCNA2,E2F4
CCNA2,CCNT2
CCNA2,TACC3
CCNA2,MCM10
CCNA2,CCNE1
CCNA2,NDC80
CCNA2,E2F8
CCNA2,KIF23
CCNA2,CUL1
CCNA2,BUB1B
CCNA2,CENPF
CCNA2,WRAP53
CCNA2,CDC6
CCNA2,ASF1B
CCNA2,CDCA3
CCNA2,CDC25C
CCNA2,CENPE
CCNA2,CEP55
CCNA2,ARHGAP11A
CCNA2,CCNY
CCNA2,AURKA
CCNA2,ECT2
CCNA2,CDKN1A
CCNA2,CCNB2
CCNA2,TINF2
CCNA2,TP73
CCNA2,TFDP1
CCNA2,NUSAP1
CCNA2,ORC1
CCNA2,ORC3
CCNA2,SGOL1
CCNA2,E2F2
CCNA2,TERF2
CCNA2,ABL1
CCNA2,ESPL1
CCNA2,PLK4
CCNA2,BUB1
CCNA2,CKS2
CCNA2,CCNH
CCNA2,MAD2L1
CCNA2,TOP2A
CCNA2,PBK
CCNA2,CCNT1
CCNA2,RBL1
CCNA2,DLGAP5
CCNA2,MDM2
CCNA2,TP53
CCNA2,HJURP
CCNA2,CENPA
CCNA2,MELK
SETD7,SIRT1
SETD7,MYOD1
SETD7,HIST1H3A
SETD7,TP53
SETD7,RELA
SETD7,TAF10
SETD7,DPY30
NAF1,GAR1
NDUFS6,NDUFC1
RPL37,RPL34
SKP2,CCNA2
PLK2,MAD2L1
PELO,ABCE1
RASA1,SPRY1
COMMD10,COPS4
NHP2,CCNA2
NHP2,GAR1
KCNMB1,PRKG2
ZMAT2,LSM6
MUT,MMAA
NFKBIE,NFKB1
EGFR,BTC
EGFR,GAB1
EGFR,UBE2D3
EGFR,AREG
NDUFB11,NDUFC1
MRPS28,MRPS18C
TERF1,CCNA2
NDUFB9,NDUFC1
SIGMAR1,ANK2
NTRK2,GAB1
NOTCH1,MAML3
HSD17B12,ELOVL6
C11orf73,NUP54
RPS3,RPL34
RPS3,ABCE1
RPS3,MRPL1
LAMTOR1,EIF4E
LAMTOR1,LAMTOR3
FEZ1,SCOC
CEP164,SCLT1
COMMD7,COPS4
MRPL49,MRPL1
MRPL49,MRPS18C
SPOPL,KLHL8
CCT5,BBS7
CCT5,ABCE1
IL18,IL15
IL18,NFKB1
IL18,CXCL8
IL18,CXCL1
IL18,CXCL2
IL18,CXCL10
PTS,PRKG2
FREM2,FRAS1
SEC24D,PPP6C
SEC24D,SAR1B
SEC24D,BET1
SEC24D,SEC24A
SEC24D,GOSR2
SEC24D,PREB
SEC24D,PPP6R1
SEC24D,PPP6R3
SEC24D,SEC13
SEC24D,STX17
SEC24D,SEC31A
SEC24D,SAR1A
SEC24D,KLHL12
SEC24D,SCFD1
SEC24D,SEC23A
SEC24D,SEC23B
SEC24D,SEC31B
SEC24D,PEF1
SEC24D,STX5
SEC24D,PDCD6
SEC24D,ANKRD28
SEC24D,SEC24C
SEC24D,SEC16A
SEC24D,TMED7
SEC24D,SEC24B
SEC24D,SEC16B
DCP1B,LSM6
ANK3,ANK2
NDUFC2,NDUFC1
SCLT1,CEP83
SCLT1,CEP164
SCLT1,CEP89
SCLT1,FBF1
MMAA,MUT
MMAA,MCEE
MMAA,MMADHC
MMAA,MMAB
NVL,GAR1
GEMIN6,NUP54
ZC3H13,METTL14
GUCY1A2,PRKG2
FLT1,FGF2
PPM1B,HERC5
GRIA4,CAMK2D
GJA1,LEF1
BMP3,ACVR2B
SMARCA5,BAZ2A
SMARCA5,HIST1H4I
SMARCA5,HIST1H4L
SMARCA5,RNF168
SMARCA5,DNMT3B
SMARCA5,HIST1H4J
SMARCA5,DNMT1
SMARCA5,BPTF
SMARCA5,H2AFZ
SMARCA5,RUVBL1
SMARCA5,HIST1H4E
SMARCA5,CHRAC1
SMARCA5,HIST1H4B
SMARCA5,HIST1H2AJ
SMARCA5,SIN3A
SMARCA5,RBBP7
SMARCA5,HMGXB4
SMARCA5,C17orf49
SMARCA5,SF3B1
SMARCA5,SMARCA1
SMARCA5,RAD21
SMARCA5,GSK3B
SMARCA5,TTF1
SMARCA5,CECR2
SMARCA5,SMARCC2
SMARCA5,HIST1H4K
SMARCA5,HDAC2
SMARCA5,HIST4H4
SMARCA5,HIST1H4F
SMARCA5,BAZ1A
SMARCA5,BAZ1B
SMARCA5,SIRT6
SMARCA5,HIST2H4B
SMARCA5,HIST2H2BE
SMARCA5,HIST1H4H
SMARCA5,MYBBP1A
SMARCA5,HIST1H4C
SMARCA5,HIST1H4D
SMARCA5,HIST1H2BJ
SMARCA5,HDAC1
SMARCA5,HIST3H3
SMARCA5,HIST2H4A
SMARCA5,CDT1
SMARCA5,RBBP4
SMARCA5,POLE3
SMARCA5,RSF1
SMARCA5,HIST1H4A
BMP6,SMAD1
HNRNPU,HNRNPD
RANBP2,MAD2L1
RANBP2,EIF4E
RANBP2,NUP54
RANBP2,HSPA4L
C16orf74,PPP3CA
CERS3,SGMS2
UCHL1,SNCA
WNT3A,DKK2
KLHL41,KLHL8
APP,MAPK10
APP,CASP6
APP,NFKB1
APP,TSPAN5
APP,SNCA
FLCN,LAMTOR3
ACAA2,HADH
RPMS17,MRPS18C
DKK2,LRP5
DKK2,FZD2
DKK2,KREMEN2
DKK2,KREMEN1
DKK2,WNT8A
DKK2,FZD1
DKK2,WNT1
DKK2,WNT8B
DKK2,LRP6
DKK2,DKK1
DKK2,DKK4
DKK2,WNT3A
AGPAT5,CDS1
HSPA13,NUP54
NIFK,SDAD1
GEMIN5,NUP54
NUP205,EIF4E
NUP205,NUP54
NUP205,HSPA4L
CASP10,EIF4E
CASP10,PTPN13
SMC2,MAD2L1
KCNMA1,PRKG2
CXCL13,CXCL9
CXCL13,CXCL11
CXCL13,CXCL10
CCT8,BBS12
CCT8,BBS7
NAA11,NAA15
UBE2L6,UBE2D3
UBE2L6,HERC5
BAG4,HSPA4L
SASS6,PLK4
BUB1B,PLK4
BUB1B,MAD2L1
BUB1B,CCNA2
BUB1B,ANAPC10
PPARG,NFKB1
FZD1,DKK2
KIT,GAB1
CCNB2,PLK4
CCNB2,MAD2L1
CCNB2,CCNA2
CCNB2,NUP54
CCNB2,USO1
CCNB2,LIN54
COQ5,COQ2
SMAD6,SMAD1
MRPL17,MRPS18C
MRPL17,MRPL1
PIK3CB,GAB1
EIF5B,RPL34
CNOT11,EIF4E
CNOT11,CNOT6L
KPNB1,NUP54
MRPL10,MRPL1
IFNGR2,CAMK2D
NCOA5,NUP54
ARAF,PAPSS1
PSMB4,NFKB1
PSMB4,HNRNPD
GSTT2B,HPGDS
CALM3,CAMK2D
CALM3,PPP3CA
FTCD,MTHFD2L
S100B,NFKB1
S100B,FGF2
UBE2Q1,UBE2D3
CCR2,CXCL1
CCR5,CXCL8
CCR5,CXCL11
CCR5,CXCL9
CCR5,CXCL10
GPC2,HPSE
FGFR4,FGF2
CPSF4,NUP54
POLR2J,METTL14
DCUN1D1,COPS4
DCUN1D1,UBE2D3
AP2M1,PPP3CA
STAT5B,IL15
PSME3,NFKB1
PSME3,HNRNPD
WNT1,DKK2
EIF4A1,CASP6
EIF4A1,EIF4E
EIF4A1,CNOT6L
WDR24,LAMTOR3
STX5,USO1
STX5,RAB33B
STX5,SEC24B
STX5,SEC24D
LRP5,DKK2
ARPC5,GAB1
REL,NFKB1
NUP35,EIF4E
NUP35,NUP54
BBS5,BBS7
BBS5,BBS12
HPGDS,GRB2
HPGDS,PTGES
HPGDS,CDC42
HPGDS,GSTZ1
HPGDS,GSR
HPGDS,RHOA
HPGDS,PTGIS
HPGDS,MYC
HPGDS,GSTO1
HPGDS,GSTO2
HPGDS,PTGES2
HPGDS,PTGS1
HPGDS,AKR1C3
HPGDS,PTGS2
HPGDS,PTGES3
HPGDS,GSTT2B
HPGDS,PTGDS
HPGDS,RTKN
HELQ,POLA1
HELQ,POLN
MRPS18C,ENSG00000239789
MRPS18C,MRPL41
MRPS18C,MTIF2
MRPS18C,MRPL21
MRPS18C,ENSG00000214026
MRPS18C,MRPL49
MRPS18C,MRPS7
MRPS18C,MRPL17
MRPS18C,MRPS25
MRPS18C,MRPL44
MRPS18C,MRPL3
MRPS18C,MRPS30
MRPS18C,MRPL2
MRPS18C,MRPS27
MRPS18C,AURKAIP1
MRPS18C,MRPL20
MRPS18C,MRPL11
MRPS18C,MRPL39
MRPS18C,MRPS15
MRPS18C,MRPS5
MRPS18C,MRPL30
MRPS18C,MRPS14
MRPS18C,MRPL27
MRPS18C,MRPL54
MRPS18C,MRPS18B
MRPS18C,MRPL36
MRPS18C,MRPL32
MRPS18C,CHCHD1
MRPS18C,MRPS21
MRPS18C,MRPS10
MRPS18C,MRPS16
MRPS18C,RPMS17
MRPS18C,MRPL22
MRPS18C,MRPS22
MRPS18C,MRPS2
MRPS18C,MRPS9
MRPS18C,MRPL16
MRPS18C,DAP3
MRPS18C,MRPS6
MRPS18C,MRPL4
MRPS18C,MRPS26
MRPS18C,PTCD3
MRPS18C,MRPL19
MRPS18C,MRPL1
MRPS18C,MRPS36
MRPS18C,MRPL33
MRPS18C,MRPS31
MRPS18C,MRPS34
MRPS18C,RPL23L
MRPS18C,MRPS11
MRPS18C,MRPS28
MRPS18C,MRPL15
MRPS18C,MRPL47
MRPS18C,MRPS35
MRPS18C,MRPL28
MRPS18C,MRPL40
MRPS18C,MRPS24
MRPS18C,MRPL13
MRPS18C,MRPS18A
MRPS18C,MRPL38
MRPS18C,MRPL43
MRPS18C,MRPS33
MRPS18C,MTIF3
MRPS18C,MRPL46
MRPS18C,MRPL42
MRPS18C,MRPS23
MRPS18C,MRPS12
KRTCAP2,OSTC
CXCR1,CXCL2
CXCR1,CXCL1
CXCR1,CXCL5
CXCR1,PPBP
CXCR1,CXCL3
CXCR1,CXCL8
ARPC2,GAB1
CCT3,BBS12
CCT3,BBS7
IHH,HHIP
STT3B,OSTC
PRKCI,NFKB1
RETSAT,ADH1C
RETSAT,ADH1B
RETSAT,ADH5
CDS1,AGPAT2
CDS1,LPCAT4
CDS1,PLD2
CDS1,LCLAT1
CDS1,AGPAT4
CDS1,ABHD5
CDS1,LPCAT3
CDS1,PGS1
CDS1,AGPAT3
CDS1,CDIPT
CDS1,AGPAT1
CDS1,MBOAT1
CDS1,PPAPDC1B
CDS1,PLD3
CDS1,PLD1
CDS1,MBOAT7
CDS1,PPAPDC1A
CDS1,CRLS1
CDS1,MBOAT2
CDS1,AGPAT5
WDFY3,ATG5
WDFY3,GABARAP
WDFY3,SQSTM1
PTX3,FGF2
MTMR14,INPP4B
CXCL3,CXCR2
CXCL3,CXCL2
CXCL3,CXCR1
CXCL3,CXCL1
CXCL5,CXCR1
CXCL5,CXCR2
PPBP,CXCR1
PPBP,CXCR2
PF4,RUNX1
PF4,CXCL10
PF4,CCL5
PF4,CBFB
PF4,CXCL12
PF4,MAP2K3
PF4,CXCR3
PF4,PROCR
PF4,MAP2K6
PF4,CXCL9
PF4,CXCL11
PF4,PROC
PF4,SERPINC1
MRPL33,MRPS18C
MRPL33,MRPL1
LZTFL1,BBS7
CCR1,CXCL10
ITGB5,SPP1
SNIP1,LSM6
RPN1,OSTC
RPL39L,RPL34
UBXN7,UBE2D3
METAP1,METAP2
ADH5,ADHFE1
ADH5,CYP26A1
ADH5,ESD
ADH5,BCO1
ADH5,GSTP1
ADH5,ALDH2
ADH5,AOX1
ADH5,CYP2E1
ADH5,LRAT
ADH5,RETSAT
H2AFZ,LEF1
H2AFZ,SMARCA5
EMCN,OSGEP
BDH2,OXCT1
BDH2,OXCT2
BDH2,HMGCL
BDH2,BDH1
BDH2,HMGCLL1
BDH2,AACS
HSPA4L,NUP62
HSPA4L,BAG4
HSPA4L,NUP43
HSPA4L,NUP210
HSPA4L,NUP54
HSPA4L,HSPH1
HSPA4L,RAE1
HSPA4L,DNAJB1
HSPA4L,DNAJA2
HSPA4L,NUP98
HSPA4L,NUP153
HSPA4L,DNAJA1
HSPA4L,NUP37
HSPA4L,ST13
HSPA4L,BAG3
HSPA4L,NUP93
HSPA4L,NUP85
HSPA4L,NUP107
HSPA4L,NUP133
HSPA4L,HSPA9
HSPA4L,NUP88
HSPA4L,STIP1
HSPA4L,NUP205
HSPA4L,DNAJC7
HSPA4L,SEH1L
HSPA4L,NUP214
HSPA4L,SEC13
HSPA4L,HSPA12A
HSPA4L,DNAJB6
HSPA4L,NUP155
HSPA4L,BAG1
HSPA4L,HSPBP1
HSPA4L,TPR
HSPA4L,RANBP2
HSPA4L,NUPL1
HSPA4L,HSPA8
HSPA4L,NUP50
HSPA4L,BAG5
HSPA4L,NUP188
HSPA4L,BAG2
HSPA4L,DNAJC2
HSPA4L,NDC1
WDR82,PPP3CA
MAD2L1,ZWINT
MAD2L1,CDCA8
MAD2L1,UBE2C
MAD2L1,CDKN3
MAD2L1,ANAPC4
MAD2L1,SMC4
MAD2L1,TYMS
MAD2L1,CDC16
MAD2L1,BIRC5
MAD2L1,RRM1
MAD2L1,TPX2
MAD2L1,PRC1
MAD2L1,ANAPC2
MAD2L1,ANAPC13
MAD2L1,ANAPC7
MAD2L1,TACC3
MAD2L1,CDK1
MAD2L1,NDC80
MAD2L1,MCM7
MAD2L1,KIF23
MAD2L1,MAD2L2
MAD2L1,BUB3
MAD2L1,NUP98
MAD2L1,GINS2
MAD2L1,PTTG1
MAD2L1,ASPM
MAD2L1,NEK2
MAD2L1,TTK
MAD2L1,MCM2
MAD2L1,CDC45
MAD2L1,PCNA
MAD2L1,NCAPD2
MAD2L1,PCID2
MAD2L1,MCM6
MAD2L1,ANAPC10
MAD2L1,RACGAP1
MAD2L1,RRM2
MAD2L1,NUF2
MAD2L1,CDC27
MAD2L1,NCAPG
MAD2L1,ZWILCH
MAD2L1,SMC2
MAD2L1,NUSAP1
MAD2L1,MAD2L1BP
MAD2L1,CCNB1
MAD2L1,PLK1
MAD2L1,RANBP2
MAD2L1,ANAPC16
MAD2L1,BUB1
MAD2L1,ANAPC5
MAD2L1,PLK4
MAD2L1,CETN3
MAD2L1,ANAPC15
MAD2L1,KIF18A
MAD2L1,CKS2
MAD2L1,KIF2C
MAD2L1,TOP2A
MAD2L1,PBK
MAD2L1,CDC26
MAD2L1,NUP153
MAD2L1,CKS1B
MAD2L1,DLGAP5
MAD2L1,CENPA
MAD2L1,RFC3
MAD2L1,TPR
MAD2L1,MELK
MAD2L1,KIF4A
MAD2L1,MAD1L1
MAD2L1,CDC23
MAD2L1,MCM4
MAD2L1,CCNB3
MAD2L1,KIF20A
MAD2L1,BUB1B
MAD2L1,AURKB
MAD2L1,ANAPC1
MAD2L1,CENPF
MAD2L1,ENY2
MAD2L1,TRIP13
MAD2L1,PLK2
MAD2L1,ESCO2
MAD2L1,CCNA2
MAD2L1,CHEK1
MAD2L1,CDC20
MAD2L1,KIF11
MAD2L1,MCM3AP
MAD2L1,CENPE
MAD2L1,CETN2
MAD2L1,FZR1
MAD2L1,AURKA
MAD2L1,CCNB2
MAD2L1,RFC4
MAD2L1,MCM5
ANXA5,S100A12
ANXA5,MANF
ANXA5,WDR1
ANXA5,ACTG1
ANXA5,VCL
ANXA5,STXBP2
ANXA5,SOD1
ANXA5,TLN1
ANXA5,TTN
ANXA5,FLNA
ANXA5,PLEK
ANXA5,HABP4
ANXA5,CASP3
ANXA5,TAGLN2
ANXA5,HEPN1
ANXA5,ACTB
ANXA5,TUBA4A
GUCY1A3,PRKG2
GRIA2,CAMK2D
NAA15,NAA30
NAA15,HYPK
NAA15,NAA16
NAA15,NAA35
NAA15,NAA20
NAA15,NAA38
NAA15,NAA50
NAA15,NAA10
NAA15,NAA25
NAA15,NAA11
IL15,STAT5B
IL15,IL7
IL15,IL2
IL15,STAT5A
IL15,IL15RA
IL15,IL2RB
IL15,IL18
IL15,IL2RA
IL15,IL2RG
IL15,KLRK1
IL15,IL7R
HHIP,DHH
HHIP,SHH
HHIP,PTCH1
HHIP,IHH
ABCE1,RPS12
ABCE1,ABCF2
ABCE1,MMS19
ABCE1,EIF4A3
ABCE1,RPS27
ABCE1,RPS5
ABCE1,EIF2S2
ABCE1,RPL3
ABCE1,EIF3M
ABCE1,GTPBP4
ABCE1,EIF1
ABCE1,RPL4
ABCE1,RPL7
ABCE1,FBL
ABCE1,PELO
ABCE1,EPRS
ABCE1,RPS2
ABCE1,HBS1L
ABCE1,EIF3E
ABCE1,EIF5
ABCE1,RPS6
ABCE1,RPL9
ABCE1,RPS7
ABCE1,RPL12
ABCE1,CCT5
ABCE1,DDX18
ABCE1,EIF3I
ABCE1,ABCF1
ABCE1,RPS3
ABCE1,RPS25
ABCE1,FLNA
ABCE1,RPS17
ABCE1,EIF3G
ABCE1,RPS19
ABCE1,WDR12
ABCE1,RPS26
ABCE1,EIF3H
ABCE1,RPS28
ABCE1,RPS16
ABCE1,GNL3
ABCE1,EIF3F
ABCE1,EIF3D
ABCE1,RPS13
ABCE1,PA2G4
ABCE1,RPS3A
ABCE1,RPS29
ABCE1,EIF3C
ABCE1,RPS20
ABCE1,RPS24
ABCE1,RPL23
ABCE1,TSR1
ABCE1,WDR43
ABCE1,RPS18
ABCE1,RPS23
ABCE1,RPS14
ABCE1,RPS15A
ABCE1,RPS21
ABCE1,RPS11
ABCE1,EIF3B
ABCE1,EIF2S3
ABCE1,EIF1AX
ABCE1,RPL23A
ABCE1,EIF3CL
ABCE1,RPSA
ABCE1,RPS10-NUDT3
ABCE1,RPS27A
ABCE1,EIF3J
ABCE1,RPS15
ABCE1,EIF3A
ABCE1,RPS4X
ABCE1,RPS8
ABCE1,NOP58
ABCE1,EIF2S1
ABCE1,ETF1
ABCE1,EIF3L
ABCE1,RPL7A
ABCE1,G3BP1
ABCE1,RPS10
ABCE1,RPLP0
ABCE1,GNB2L1
ABCE1,RNASEL
ABCE1,RPS9
ABCE1,FAU
RPS23,ABCE1
RPS23,RPL34
NDUFS4,NDUFC1
UTP15,SDAD1
TLR3,UBE2D3
RAPGEF6,PTPN13
CSF2,CXCL8
CSF2,CXCL1
CSF2,CXCL2
CSF2,CXCL10
COG5,RAB33B
C7orf60,LAMTOR3
HSPA9,HSPA4L
HSPA9,NUP54
HSPA9,SNCA
SHH,HHIP
RAD21,SMARCA5
ORC5,CCNA2
NOS3,GAB1
DCAF13,SDAD1
DCAF13,COPS4
KIAA1429,METTL14
MELK,MAD2L1
MELK,CCNA2
INPPL1,INPP4B
RPL10L,RPL34
SLC18A2,SNCA
TSC1,LAMTOR3
METTL3,METTL14
TRUB1,GAR1
CPSF2,NUP54
LRRK2,SNCA
NDUFB8,NDUFC1
COPS2,COPS4
CCT2,BBS7
CCT2,BBS12
C2,CFI
TAF10,SETD7
MMP3,FGF2
MMP3,SPP1
COG1,RAB33B
KIAA0101,CCNA2
PLK1,CCNA2
PLK1,MAD2L1
PLK1,LIN54
CACNG2,CAMK2D
PATL1,LSM6
MRPL16,MRPL1
MRPL16,MRPS18C
RUNX1,PF4
TPX2,MAD2L1
TPX2,CCNA2
SNRPD1,NUP54
SNRPD1,LSM6
COQ4,COQ2
CRK,GAB1
NFATC3,PPP3CA
RRM1,MAD2L1
CDT1,SMARCA5
CDT1,CCNA2
CYP2A6,HSD17B11
CYP2A6,ADH1B
LIN37,LIN54
TSR1,ABCE1
TSR1,SDAD1
ACER1,SGMS2
NDUFA7,NDUFC1
ICT1,MRPL1
BIRC5,NUP54
BIRC5,MAD2L1
BIRC5,CCNA2
SRRM2,LSM6
DDB1,COPS4
POLR2G,METTL14
FADD,PTPN13
ANTXR1,ANTXR2
LSM3,LSM6
MBOAT2,CDS1
CCL11,CXCL10
HEXIM2,LARP7
MAP2K1,LAMTOR3
MAP2K1,GAB1
BUB1,CCNA2
BUB1,PLK4
BUB1,MAD2L1
AXIN2,LEF1
IGF1,FGF2
PAIP1,CNOT6L
PAIP1,EIF4E
PAIP1,HNRNPD
TRAPPC1,USO1
PA2G4,RPL34
PA2G4,SDAD1
PA2G4,ABCE1
RPS9,RPL34
RPS9,ABCE1
HSPA4,NUP54
HSPA4,HNRNPD
HSPA4,SNCA
HDAC3,NFKB1
SPRY3,SPRY1
IL12A,CXCL8
IL12A,CXCL2
IL12A,CXCL10
IL12A,CXCL1
BCR,DAPP1
NUDT9,PRPS1L1
NUDT9,NUDT5
NUDT9,PRPS2
NUDT9,PRPS1
NUDT9,PGM2
NKIRAS2,NFKB1
CDC25A,LIN54
CDC25A,CCNA2
UBE2E1,UBE2D3
COPS6,COPS4
MYEOV2,COPS4
PITX2,LEF1
KREMEN2,DKK2
UBB,HNRNPD
UBB,SMAD1
IL13,CXCL8
MN1,CXCL11
CEBPB,CXCL8
COG7,RAB33B
COG8,RAB33B
FEN1,CCNA2
PCBP1,HNRNPD
CXCL10,MAP2K6
CXCL10,CXCR3
CXCL10,CXCL2
CXCL10,CCL20
CXCL10,IL10
CXCL10,CCL22
CXCL10,CCL3
CXCL10,CCL11
CXCL10,CXCL1
CXCL10,ARRB1
CXCL10,CCL8
CXCL10,DNM1
CXCL10,CSF2
CXCL10,CCL3L3
CXCL10,PF4V1
CXCL10,PF4
CXCL10,SDC4
CXCL10,TNF
CXCL10,CXCL9
CXCL10,IL12B
CXCL10,LIF
CXCL10,CXCL11
CXCL10,CCR1
CXCL10,IL1A
CXCL10,GBP1
CXCL10,CCL4
CXCL10,CCL2
CXCL10,GNG2
CXCL10,CCR5
CXCL10,MAP2K3
CXCL10,CCR3
CXCL10,TLR4
CXCL10,CXCL13
CXCL10,CCL5
CXCL10,STAT1
CXCL10,IL6
CXCL10,CXCL8
CXCL10,IL1B
CXCL10,CSF3
CXCL10,IL12A
CXCL10,IL18
MRPL39,MRPS18C
MRPL39,MRPL1
SF3B3,LSM6
PPP4R4,PPP3CA
SYNPO2,BAG3
CEP89,SCLT1
IL7R,IL15
ANTXR2,ANTXR1
ANTXR2,FURIN
FOS,AREG
FOS,MAPK10
FOS,BTC
ITPR1,PKD2
ITPR1,BANK1
ITPR1,PRKG2
ITPR1,ANK2
UQCRFS1,NDUFC1
SHCBP1,CCNA2
RAB33B,ATG16L1
RAB33B,COG7
RAB33B,MAN2A2
RAB33B,TBC1D25
RAB33B,COG3
RAB33B,GOLGA5
RAB33B,COG2
RAB33B,RAB33A
RAB33B,GOSR1
RAB33B,BET1L
RAB33B,COG5
RAB33B,COG8
RAB33B,MAN2A1
RAB33B,YKT6
RAB33B,ATG16L2
RAB33B,CUX1
RAB33B,GOLIM4
RAB33B,STX5
RAB33B,COG1
RAB33B,COG4
RAB33B,COG6
CXCL8,LPAR2
CXCL8,SDC2
CXCL8,LYN
CXCL8,MAPK14
CXCL8,UBE2S
CXCL8,CCL20
CXCL8,IL10
CXCL8,SDC3
CXCL8,CCL22
CXCL8,CCL3
CXCL8,ARRB2
CXCL8,ARRB1
CXCL8,HCK
CXCL8,CEBPB
CXCL8,PTGS2
CXCL8,GNA15
CXCL8,IL13
CXCL8,MAPK11
CXCL8,ADRBK1
CXCL8,DNM1
CXCL8,CCL3L3
CXCL8,CXCL10
CXCL8,CSF2
CXCL8,ACKR1
CXCL8,ATF4
CXCL8,DIS3
CXCL8,DCP2
CXCL8,RAB11A
CXCL8,LPAR1
CXCL8,UBE2C
CXCL8,PPP2CA
CXCL8,TNF
CXCL8,GNAI2
CXCL8,PPP2R1A
CXCL8,TNFAIP6
CXCL8,RAB7A
CXCL8,IL12B
CXCL8,LIF
CXCL8,EP300
CXCL8,IL4
CXCL8,CCL2
CXCL8,CDC23
CXCL8,IL1A
CXCL8,CCL4
CXCL8,GNB1
CXCL8,CXCR1
CXCL8,GNG2
CXCL8,KHSRP
CXCL8,PARN
CXCL8,JUN
CXCL8,CCR5
CXCL8,CCL5
CXCL8,CREBBP
CXCL8,NFKB1
CXCL8,RELA
CXCL8,CXCR2
CXCL8,IL1B
CXCL8,RAB5A
CXCL8,LPAR3
CXCL8,IL6
CXCL8,CXCR4
CXCL8,CSF3
CXCL8,STAT3
CXCL8,FGR
CXCL8,UBE2D1
CXCL8,IL18
CXCL8,VASP
CXCL8,EHMT2
CXCL8,IL12A
MRPL13,MRPS18C
MRPL13,MRPL1
ADH1B,COMT
ADH1B,UGT2B11
ADH1B,BCO1
ADH1B,CYP2A6
ADH1B,AOX1
ADH1B,ALDH2
ADH1B,CYP2S1
ADH1B,CYP27C1
ADH1B,CYP26A1
ADH1B,SULT1A1
ADH1B,SULT1A2
ADH1B,RETSAT
ADH1B,CYP4X1
ADH1B,ADH1C
ADH1B,MAOA
ADH1B,ADH1A
ADH1B,ALDH3A2
ADH1B,CYP2E1
ADH1B,LRAT
PPIH,LSM6
GABARAP,WDFY3
GABARAP,ANK2
SEC23A,SEC31A
SEC23A,SEC24B
SEC23A,SEC24D
CXCL11,CCR5
CXCL11,CCR3
CXCL11,MAP2K3
CXCL11,CXCR3
CXCL11,MAP2K6
CXCL11,CXCL9
CXCL11,MN1
CXCL11,HIST1H1A
CXCL11,CXCR4
CXCL11,PF4V1
CXCL11,PF4
CXCL11,ACKR3
CXCL11,CXCL10
CXCL11,CXCL13
ESCO2,MAD2L1
ESCO2,CCNA2
SDC2,CXCL8
SDC2,HPSE
SDC2,FGF2
SDC2,GAB1
DEGS2,SGMS2
CTNND2,LEF1
FAM103A1,EIF4E
BPTF,PPA2
BPTF,SMARCA5
RPTOR,EIF4E
RPTOR,LAMTOR3
MCM7,CCNA2
MCM7,MAD2L1
MLLT10,AFF1
QARS,AIMP1
TSPAN5,TSPAN15
TSPAN5,TSPAN14
TSPAN5,TSPAN33
TSPAN5,ADAM10
TSPAN5,APP
CYCS,COX18
CYCS,PPP3CA
RPL13,MRPL1
RPL13,RPL34
EEF2,RPL34
CYP2S1,ADH1B
WDR3,EXOSC9
RGMB,SMAD1
COMMD1,COPS4
MRPL38,MRPL1
MRPL38,MRPS18C
SEC16B,SEC31A
SEC16B,SEC24D
LEMD3,SMAD1
H2AFV,LEF1
EIF4EBP3,EIF4E
GEMIN2,NUP54
MEPCE,LARP7
GLE1,NUP54
MRPL48,MRPL1
MRPL11,MRPL1
MRPL11,MRPS18C
PTPN7,PTPN13
RPL15,RPL34
PSMD1,HNRNPD
PSMD1,NFKB1
UQCRH,NDUFC1
TERT,GAR1
TERT,CCNA2
TERT,NFKB1
PRKACA,GAB1
PRKACA,NFKB1
RPL38,RPL34
ADAM17,BTC
PSMD2,NFKB1
PSMD2,HNRNPD
HSPA6,NUP54
RAB1B,USO1
INTS6,INTS12
SART1,LSM6
LCLAT1,CDS1
PSMC5,HNRNPD
PSMC5,NFKB1
LSM1,LSM6
NUP93,HSPA4L
NUP93,EIF4E
NUP93,NUP54
DDX23,LSM6
MRPL57,MRPL1
COQ2,PMPCA
COQ2,PDSS2
COQ2,COQ9
COQ2,COQ7
COQ2,PDSS1
COQ2,SALL3
COQ2,ADCK3
COQ2,COQ6
COQ2,ADCK4
COQ2,COQ5
COQ2,PITRM1
COQ2,COQ4
COQ2,PMPCB
COQ2,COQ3
CASP3,EIF4E
CASP3,CASP6
CASP3,ANXA5
CKS1B,CCNA2
CKS1B,MAD2L1
CYP4A11,CYP2U1
PSMA8,HNRNPD
PSMA8,NFKB1
DHX37,SDAD1
ACOT1,SCD5
ZWILCH,MAD2L1
RPL4,RPL34
RPL4,ABCE1
GSTM1,SPP1
C12orf66,LAMTOR3
RSF1,SMARCA5
ARR3,MAPK10
UGT8,SGMS2
PTPN2,PTPN13
PTPN2,GAB1
ADRBK1,CXCL8
MRPL46,MRPS18C
MRPL46,MRPL1
KLHL3,KLHL8
CASP2,EIF4E
CASP2,CASP6
USP39,LSM6
HNF4A,LEF1
NFKBIB,NFKB1
GNAI2,CXCL8
PABPC1,EIF4E
PABPC1,HNRNPD
PABPC1,CNOT6L
HNRNPD,PSMD11
HNRNPD,HSPA4
HNRNPD,PCBP2
HNRNPD,PSMB2
HNRNPD,HNRNPH1
HNRNPD,HNRNPF
HNRNPD,PSMA2
HNRNPD,PTBP1
HNRNPD,PSMC6
HNRNPD,PSMB4
HNRNPD,HNRNPR
HNRNPD,PSMA8
HNRNPD,PSMD10
HNRNPD,HNRNPH2
HNRNPD,HNRNPU
HNRNPD,HSPB1
HNRNPD,PCBP1
HNRNPD,PSMD14
HNRNPD,HNRNPK
HNRNPD,PSMC5
HNRNPD,UBA52
HNRNPD,PSMB7
HNRNPD,PSMB11
HNRNPD,PSMD3
HNRNPD,PSMA5
HNRNPD,PSMC4
HNRNPD,PSMD9
HNRNPD,PSME2
HNRNPD,RALY
HNRNPD,PSMC1
HNRNPD,PSME4
HNRNPD,PSMD8
HNRNPD,PSMD7
HNRNPD,PSME1
HNRNPD,PSMA7
HNRNPD,UBB
HNRNPD,YBX1
HNRNPD,HNRNPA2B1
HNRNPD,EXOSC2
HNRNPD,PSMD4
HNRNPD,PSMA4
HNRNPD,HSPA8
HNRNPD,EIF4G1
HNRNPD,HNRNPM
HNRNPD,KHSRP
HNRNPD,HNRNPA1
HNRNPD,RBMX
HNRNPD,PSMB8
HNRNPD,PSMD1
HNRNPD,PSMA1
HNRNPD,PSMB1
HNRNPD,PSMC2
HNRNPD,PABPC1
HNRNPD,PSME3
HNRNPD,PSMD13
HNRNPD,AGO2
HNRNPD,PSMB3
HNRNPD,PSMA6
HNRNPD,UBC
HNRNPD,PSMD12
HNRNPD,PSMC3
HNRNPD,TNPO1
HNRNPD,PSMB10
HNRNPD,RPS27A
HNRNPD,PSMB6
HNRNPD,HNRNPL
HNRNPD,PSMD2
HNRNPD,PAIP1
HNRNPD,HNRNPC
HNRNPD,HNRNPA0
HNRNPD,PSMF1
HNRNPD,PSMB5
HNRNPD,HNRNPA3
HNRNPD,PSMA3
HNRNPD,PSMD6
FUZ,INTU
UBA6,UBE2D3
ABCF1,ABCE1
GORASP1,USO1
CD46,CFI
AURKB,NUP54
AURKB,CCNA2
AURKB,MAD2L1
ANAPC2,MAD2L1
ANAPC2,ANAPC10
DNAJA2,HSPA4L
AGPAT4,CDS1
VAMP2,SNCA
DDX10,SDAD1
GBA,SCARB2
GBA,SNCA
GBA,SGMS2
IL1RAP,NFKB1
MRPL1,MRPL28
MRPL1,MRPL47
MRPL1,MRPL15
MRPL1,MRPL52
MRPL1,FAU
MRPL1,MRPS18A
MRPL1,MRPL57
MRPL1,MRPL16
MRPL1,MRPS9
MRPL1,MRPL22
MRPL1,RPL11
MRPL1,MRPL19
MRPL1,MRPL4
MRPL1,RPS8
MRPL1,MRPL9
MRPL1,RPL35
MRPL1,MRPL33
MRPL1,RPL23A
MRPL1,MRPL30
MRPL1,RPS11
MRPL1,MRPL54
MRPL1,MRPS18C
MRPL1,MRPL36
MRPL1,RPS15
MRPL1,MRPL50
MRPL1,MRPL27
MRPL1,MRPS16
MRPL1,RPL31
MRPL1,MRPL21
MRPL1,MRPL45
MRPL1,RPS29
MRPL1,RPS20
MRPL1,ICT1
MRPL1,MRPL49
MRPL1,MRPL44
MRPL1,RPL18A
MRPL1,RPS18
MRPL1,RPL5
MRPL1,MRPL17
MRPL1,MRPL39
MRPL1,RPL23
MRPL1,MRPL2
MRPL1,MRPL40
MRPL1,MRPL43
MRPL1,MRPL48
MRPL1,MRPL38
MRPL1,MRPL13
MRPL1,MRPL53
MRPL1,MRPL14
MRPL1,MRPL42
MRPL1,MRPL46
MRPL1,MRPL12
MRPL1,MRPL37
MRPL1,RPL9
MRPL1,MRPL34
MRPL1,RPS3
MRPL1,RPL13
MRPL1,MRPS14
MRPL1,MRPS10
MRPL1,MRPL32
MRPL1,MRPL10
MRPL1,MRPL41
MRPL1,MRPS7
MRPL1,IMP3
MRPL1,TUFM
MRPL1,MRPL24
MRPL1,MRPS5
MRPL1,MRPL11
MRPL1,MRPL20
MRPL1,MRPL3
ADCK4,COQ2
SGPP2,SGMS2
ALOX12B,CYP2U1
SHQ1,GAR1
PRPF3,LSM6
MRPS31,MRPS18C
EXOSC4,EXOSC9
TYMS,MAD2L1
TYMS,CCNA2
TYMS,MTHFD2L
CCNG2,FOXO1
CCNG2,FOXO3
CCNG2,FOXO4
NDUFS8,NDUFC1
COG4,RAB33B
TLN1,ANXA5
NUP98,MAD2L1
NUP98,HSPA4L
NUP98,EIF4E
NUP98,NUP54
HNRNPA0,HNRNPD
SCD5,ACOT2
SCD5,ACOT4
SCD5,ACOT1
SCD5,CD4
SCD5,ITIH4
SCD5,SREBF2
SCD5,EGR2
SCD5,ELOVL6
PACS1,PKD2
DEGS1,SGMS2
BIN1,PPP3CA
SNRNP200,LSM6
CYC1,NDUFC1
MET,GAB1
LPCAT4,CDS1
SSR4,OSTC
TCP1,BBS12
TCP1,BBS7
MRPS11,MRPS18C
BBS1,BBS12
BBS1,BBS7
COX5A,NDUFC1
WDTC1,COPS4
NOC2L,SDAD1
MRPS24,MRPS18C
RUVBL1,SMARCA5
RUVBL1,COPS4
RUVBL1,GAR1
BCKDHB,PPM1K
MAF1,LAMTOR3
INTS3,INTS12
RPS15A,ABCE1
RPS15A,RPL34
HSPH1,HSPA4L
BHLHE22,PRDM8
SF3B2,LSM6
SHMT1,MTHFD2L
PINX1,SDAD1
CAMK2G,CAMK2D
MAGOHB,LSM6
KCNMB3,PRKG2
CXCR2,CXCL3
CXCR2,PPBP
CXCR2,CXCL1
CXCR2,CXCL5
CXCR2,CXCL2
CXCR2,CXCL8
MRPS23,MRPS18C
ARSJ,SUMF2
ARSJ,SUMF1
ELL3,AFF1
EDC3,LSM6
BANK1,ITPR1
BANK1,LYN
BANK1,BLK
RNF168,UBE2D3
RNF168,SMARCA5
CNOT1,CNOT6L
CNOT1,EIF4E
TAC1,ANK2
TNIP2,NFKB1
RCHY1,RFC5
RCHY1,PCNA
RCHY1,UBE2D2
RCHY1,GORAB
RCHY1,RFC1
RCHY1,TP53
RCHY1,RFC3
RCHY1,POLH
RCHY1,RPA3
RCHY1,RFC2
RCHY1,AR
RCHY1,TP73
RCHY1,RFC4
IL23R,NFKB1
CDC25C,CCNA2
DIS3L,EXOSC9
ING5,JADE1
DPM2,PYURF
COQ7,COQ2
RPLP2,RPL34
TUFM,MRPL1
NDUFV1,NDUFC1
SIAH2,SNCA
SCN4B,ANK2
MMP1,FGF2
EBF1,TET2
EXOSC3,EXOSC9
ACOT4,SCD5
ATRIP,CCNA2
SPAG5,CCNA2
SOX2,FGF2
UBE2O,UBE2D3
PLEC,RPL34
PRKAG1,LAMTOR3
TRIM25,HERC5
FZD2,DKK2
FZD2,MAPK10
KIF15,CCNA2
PRPF31,LSM6
POLR2L,METTL14
HSPA5,SNCA
HSPA5,NUP54
WRAP53,GAR1
WRAP53,CCNA2
FBF1,SCLT1
CYP2B6,CYP2U1
PPP2R1A,PPP3CA
PPP2R1A,CXCL8
GSK3B,SMARCA5
GSK3B,PPP3CA
AACS,BDH2
MBOAT1,CDS1
NCAPD2,CCNA2
NCAPD2,MAD2L1
PPP2R2A,PPP3CA
HADHB,HADH
METAP2,METAP1
HNRNPM,HNRNPD
WDR33,NUP54
KARS,AIMP1
CERS5,SGMS2
NFKBIZ,NFKB1
SEC16A,SEC31A
SEC16A,SEC24B
SEC16A,SEC24D
PPP1CA,PPP3CA
PPP1CA,SMAD1
FRAS1,FREM2
FRAS1,FREM1
FRAS1,NPNT
ATG16L2,RAB33B
EIF4A2,CNOT6L
EIF4A2,EIF4E
TACC3,CCNA2
TACC3,MAD2L1
CUL1,COPS4
CUL1,CCNA2
NCBP2,EIF4E
NCBP2,METTL14
IMP3,RPL34
IMP3,MRPL1
LMNB2,CASP6
CIRH1A,SDAD1
PPM1A,SMAD1
NDUFV2,NDUFC1
NKX2-5,SMAD1
XPOT,NUP54
INTS5,INTS12
PIF1,GAR1
HIST1H2AJ,SMARCA5
DNMT3B,SMARCA5
RAB28,RAP1GDS1
HEXIM1,LARP7
RBM10,ARHGAP24
TRAK1,CAMK2D
HAX1,PKD2
LIN9,LIN54
SP1,CCNA2
SP1,MAPK10
PPAP2C,SGMS2
CADM1,PTPN13
CASP9,CASP6
CASP9,EIF4E
MAPK8IP2,MAPK10
NDUFA12,NDUFC1
NDUFB1,NDUFC1
RPS27L,RPL34
HGS,HPSE
KREMEN1,DKK2
WT1,TET2
KLHL22,KLHL8
MRPL54,MRPS18C
MRPL54,MRPL1
NAA38,LSM6
NAA38,NAA15
HIST2H2AC,LEF1
NOP10,GAR1
PTCH1,HHIP
EIF3C,ABCE1
UQCR10,NDUFC1
SMAD3,PTPN13
SMAD3,LEF1
SMAD3,UBE2D3
CYP2U1,ASMT
CYP2U1,CYP2C9
CYP2U1,UGT2B11
CYP2U1,CYP2J2
CYP2U1,CYP2C19
CYP2U1,ALOX5
CYP2U1,PTGS2
CYP2U1,CYP4F8
CYP2U1,CYP2C8
CYP2U1,ALOX12
CYP2U1,ALOX12B
CYP2U1,ALOX15
CYP2U1,SULT1A2
CYP2U1,PTGS1
CYP2U1,SULT1A1
CYP2U1,CYP4A11
CYP2U1,CYP4A22
CYP2U1,CYP4F2
CYP2U1,CYP4F3
CYP2U1,ALOX15B
CYP2U1,CYP2E1
CYP2U1,CYP2B6
UBA7,HERC5
UBA7,UBE2D3
MRPL40,MRPL1
MRPL40,MRPS18C
MX2,HERC5
ACAA1,HADH
ADI1,ENOPH1
SHMT2,MTHFD2L
MAPK11,CXCL8
MAPK11,EIF4E
MRPL12,MRPL1
TTF1,SMARCA5
COQ6,COQ2
NDEL1,ANK2
INTU,RSG1
INTU,WDPCP
INTU,GLI3
INTU,FUZ
INTU,SUFU
INTU,GLI1
INTU,GLI2
CYP27C1,ADH1C
CYP27C1,ADH1B
GNG2,CXCL10
GNG2,CXCL8
GATA4,SMAD1
BMP2K,PICALM
BMP2K,REPS1
BMP2K,NUMB
PTPRB,SPRY1
HSP90AA1,BTC
SF3B1,SMARCA5
SF3B1,LSM6
CDKN3,MAD2L1
CDKN3,CCNA2
NAA20,NAA15
TNPO1,HNRNPD
FIP1L1,NUP54
ATF4,CXCL8
ACTR8,COPS4
CENPA,CCNA2
CENPA,MAD2L1
HFE2,SMAD1
ZFYVE16,SMAD1
EPB41L1,CAMK2D
LRAT,ADH1C
LRAT,ADH5
LRAT,ADH1B
SIRT6,SMARCA5
NLRP3,NFKB1
IL17F,FGF2
ARL6,BBS7
LCK,DAPP1
LCK,NFKB1
LCK,SNCA
LCK,PTPN13
KPTN,LAMTOR3
PSMF1,NFKB1
PSMF1,HNRNPD
MRPL30,MRPS18C
MRPL30,MRPL1
HEY1,MAML3
SNCA,SIAH1
SNCA,CALM1
SNCA,FGR
SNCA,SIAH2
SNCA,TOR1A
SNCA,PARK7
SNCA,PLCB2
SNCA,SLC18A2
SNCA,FKBP1A
SNCA,VAMP2
SNCA,STUB1
SNCA,HSPA8
SNCA,LCK
SNCA,CAPN1
SNCA,SRC
SNCA,TOMM20
SNCA,HSPA9
SNCA,CSNK2A1
SNCA,SLC6A3
SNCA,RAB3A
SNCA,PSMC3
SNCA,PLD2
SNCA,MAPT
SNCA,GAPDH
SNCA,APP
SNCA,HTT
SNCA,LAG3
SNCA,PARK2
SNCA,HSPA4
SNCA,PLD1
SNCA,PRNP
SNCA,SNCAIP
SNCA,FYN
SNCA,SEPT4
SNCA,UCHL1
SNCA,YES1
SNCA,TH
SNCA,GRK5
SNCA,PINK1
SNCA,APOE
SNCA,PRKCD
SNCA,VDAC1
SNCA,GBA
SNCA,BAD
SNCA,TPPP
SNCA,LYN
SNCA,KLK6
SNCA,SYK
SNCA,BLK
SNCA,HCK
SNCA,CRYAB
SNCA,HSPA5
SNCA,LRRK2
SNCA,TLR2
UBE2G2,UBE2D3
UBA1,UBE2D3
GNL3L,SDAD1
GNL3L,GAR1
BAG5,HSPA4L
SEC23B,SEC24B
SEC23B,SEC24D
SEC23B,SEC31A
BRIX1,GAR1
EEF1A1,RPL34
RBMX2,LSM6
RPS7,RPL34
RPS7,ABCE1
ANAPC1,MAD2L1
ANAPC1,ANAPC10
GRAP2,GAB1
CAV1,SMAD1
YTHDC1,METTL14
NDUFA4,NDUFC1
CAMK2D,CALM3
CAMK2D,KDM7A
CAMK2D,KIAA1549
CAMK2D,JAK2
CAMK2D,LMNA
CAMK2D,TRIM24
CAMK2D,MECP2
CAMK2D,HDAC5
CAMK2D,MEF2D
CAMK2D,TRAK1
CAMK2D,HSF1
CAMK2D,HES1
CAMK2D,AP3B1
CAMK2D,GRIA4
CAMK2D,GRIA2
CAMK2D,CREB1
CAMK2D,RYR2
CAMK2D,STAT1
CAMK2D,CALM1
CAMK2D,HRAS
CAMK2D,CACNG3
CAMK2D,PARP1
CAMK2D,PPM1F
CAMK2D,BCL2L11
CAMK2D,FXR1
CAMK2D,MARK3
CAMK2D,GRIA1
CAMK2D,MYO6
CAMK2D,GRIA3
CAMK2D,EPB41L1
CAMK2D,CACNG2
CAMK2D,MEF2C
CAMK2D,CACNG8
CAMK2D,IFNGR2
CAMK2D,YWHAB
CAMK2D,MPRIP
CAMK2D,JAK1
CAMK2D,FAM131B
CAMK2D,QKI
CAMK2D,CALM2
CAMK2D,MEF2A
CAMK2D,KRAS
CAMK2D,NRAS
CAMK2D,MAPT
CAMK2D,CAMK2B
CAMK2D,CAMK2G
CAMK2D,KSR1
CAMK2D,CAMK2A
CAMK2D,STMN1
CAMK2D,ESRP1
CAMK2D,ATG7
CAMK2D,CACNG4
PRDM8,BHLHE22
ACSL4,ELOVL6
RPL7,RPL34
RPL7,ABCE1
IDS,HPSE
FGFR3,GAB1
FGFR3,FGF2
MRPL43,MRPL1
MRPL43,MRPS18C
MIOS,LAMTOR3
MYB,LEF1
UBE2V1,UBE2D3
CAPRIN1,G3BP2
ACVR2B,BMP3
ACVR2B,SMAD1
SMPD1,SGMS2
RAP1GDS1,RAB28
RAP1GDS1,RHOA
RAP1GDS1,RAC1
TRIM24,CAMK2D
RASSF6,MDM2
RASSF6,MOAP1
RASSF6,STK3
WNT8B,DKK2
MAOA,ADH1B
EIF4EBP1,LAMTOR3
EIF4EBP1,EIF4E
MAPT,CAMK2D
MAPT,SNCA
GTF2F2,METTL14
MEF2C,PPP3CA
MEF2C,CAMK2D
MIA3,SEC24B
PTPN11,GAB1
PTPN11,PTPN13
MRPL20,MRPS18C
MRPL20,MRPL1
PTK2,PTPN13
PTK2,UNC5C
PTK2,CASP6
STAT5A,IL15
CECR2,SMARCA5
TRADD,NFKB1
SMAD4,MAPK10
SMAD4,LEF1
SMAD4,SMAD1
SMAD4,UBE2D3
PPP1CC,PPP3CA
HNRNPA1,HNRNPD
RPS2,ABCE1
RPS2,RPL34
SUMF2,ARSJ
LIN54,RBL2
LIN54,E2F1
LIN54,CDC25A
LIN54,MYBL2
LIN54,PCNA
LIN54,RBBP4
LIN54,DYRK1A
LIN54,LIN9
LIN54,E2F5
LIN54,E2F4
LIN54,CCNB2
LIN54,LIN37
LIN54,LIN52
LIN54,CDC6
LIN54,MYBL1
LIN54,RBL1
LIN54,TOP2A
LIN54,CCNB1
LIN54,PLK1
ERBB4,BTC
NUP43,NUP54
NUP43,EIF4E
NUP43,HSPA4L
FOXM1,CCNA2
SNRPD2,LSM6
SNRPD2,NUP54
PTGES,HPGDS
BAZ1B,SMARCA5
ACER2,SGMS2
AURKAIP1,MRPS18C
PLD1,CDS1
PLD1,SNCA
POLR2K,METTL14
UBE4B,UBE2D3
SP100,NUP54
GNAI1,GAB1
LAMTOR4,LAMTOR3
LAMTOR4,EIF4E
JAK1,GAB1
JAK1,CAMK2D
JAK1,HERC5
SEC24C,SEC24D
SEC24C,SEC31A
SEC24C,SEC24B
BRE,ANAPC10
ATR,CCNA2
PPA2,ATP12A
PPA2,ATP4A
PPA2,BPTF
IL17A,FGF2
CTNNB1,NFKB1
CTNNB1,LEF1
SDC3,HPSE
SDC3,CXCL8
SDC3,FGF2
NR4A2,LEF1
NFASC,ANK2
SPRY4,SPRY1
GSTO2,HPGDS
MAP2K3,CXCL11
MAP2K3,CXCL9
MAP2K3,CXCL10
MAP2K3,PF4
RBPJ,MAML3
PTGES2,HPGDS
HMGB1,NFKB1
E2F1,LIN54
E2F1,CCNA2
KCNJ11,ANK2
TOR1A,SNCA
ALDH3A2,ADH1B
DPY30,SETD7
NUP50,EIF4E
NUP50,HSPA4L
RPS21,RPL34
RPS21,ABCE1
RPL3,ABCE1
RPL3,RPL34
RPL36AL,RPL34
RPL27A,RPL34
RPL21,RPL34
RPLP1,RPL34
RPS17,ABCE1
RPS17,RPL34
RPS3A,ABCE1
RPS3A,RPL34
RPSA,RPL34
RPSA,ABCE1
RPL22L1,RPL34
RPL22,RPL34
NDUFV3,NDUFC1
CRKL,GAB1
COPS8,COPS4
MEF2A,PPP3CA
MEF2A,CAMK2D
ATG7,UBE2D3
ATG7,CAMK2D
FYN,DAPP1
FYN,UNC5C
FYN,SNCA
FYN,PTPN13
HNRNPA2B1,HNRNPD
PES1,SDAD1
FN1,FGF2
FN1,SPP1
PDE5A,ALDH7A1
PDE5A,PRKG1
HIST1H4J,SMARCA5
HTT,SNCA
MRPL52,MRPL1
GFRA1,GAB1
SYNJ2,PPP3CA
SYNJ2,INPP4B
UBE2H,UBE2D3
RET,GAB1
FAS,PTPN13
COMMD6,COPS4
SREBF1,ELOVL6
C1D,EXOSC9
ACSL5,ELOVL6
PSMD12,NFKB1
PSMD12,HNRNPD
RAC1,RAP1GDS1
RAC1,GAB1
RAC1,MAPK10
RAC1,SPP1
UBA5,UBE2D3
SDAD1,GNL1
SDAD1,DDX10
SDAD1,NOP9
SDAD1,RPF2
SDAD1,DDX56
SDAD1,LTV1
SDAD1,PINX1
SDAD1,DCAF13
SDAD1,EIF6
SDAD1,NOC3L
SDAD1,MDN1
SDAD1,CIRH1A
SDAD1,MRTO4
SDAD1,BYSL
SDAD1,GLTSCR2
SDAD1,RBM28
SDAD1,TSR1
SDAD1,WDR18
SDAD1,WDR43
SDAD1,PA2G4
SDAD1,ZNF593
SDAD1,CEBPZ
SDAD1,UTP11L
SDAD1,PDCD11
SDAD1,POLR1A
SDAD1,NOB1
SDAD1,ESF1
SDAD1,EBNA1BP2
SDAD1,DDX31
SDAD1,PES1
SDAD1,DHX37
SDAD1,NOC2L
SDAD1,POLR1B
SDAD1,DDX18
SDAD1,POLR3B
SDAD1,GNL3L
SDAD1,NSA2
SDAD1,AATF
SDAD1,GNL3
SDAD1,LSG1
SDAD1,DDX27
SDAD1,DDX49
SDAD1,EXOSC2
SDAD1,RRP12
SDAD1,DDX55
SDAD1,RSL1D1
SDAD1,ENSG00000257411
SDAD1,NLE1
SDAD1,RRP15
SDAD1,UTP15
SDAD1,GNL2
SDAD1,NIFK
SDAD1,NOP14
SDAD1,NMD3
SDAD1,RSL24D1
SDAD1,KIAA0020
SDAD1,NOP2
SDAD1,TEX10
SDAD1,GTPBP4
SDAD1,FBL
RBCK1,UBE2D3
UBE2C,ANAPC10
UBE2C,CCNA2
UBE2C,MAD2L1
UBE2C,CXCL8
UBE2C,UBE2D3
RPS26,RPL34
RPS26,ABCE1
PPP4R2,PPP3CA
SIAH1,SNCA
SIAH1,AFF1
HNRNPH1,HNRNPD
HNRNPH1,HNRNPDL
SPTBN1,ANK2
PTBP1,EIF4E
PTBP1,HNRNPD
PTBP1,HNRNPDL
CALM1,PPP3CA
CALM1,CAMK2D
CALM1,SNCA
RAB4B,GAB1
ANK2,SIGMAR1
ANK2,SCN4B
ANK2,NFASC
ANK2,SPTAN1
ANK2,ANK3
ANK2,ANK1
ANK2,ITPR3
ANK2,PPP2R5A
ANK2,NRCAM
ANK2,ITPR1
ANK2,DCTN4
ANK2,ITPR2
ANK2,KCNJ11
ANK2,TAC1
ANK2,GABARAP
ANK2,NDEL1
ANK2,SCN5A
ANK2,SPTBN1
ANK2,SPTBN4
ANK2,OBSCN
UBE2D3,RNF168
UBE2D3,UBA1
UBE2D3,SMAD4
UBE2D3,RBCK1
UBE2D3,UBE2K
UBE2D3,DCUN1D1
UBE2D3,UBE2R2
UBE2D3,SMAD9
UBE2D3,HIF1A
UBE2D3,UBE2A
UBE2D3,DCUN1D5
UBE2D3,BIRC2
UBE2D3,UBE2B
UBE2D3,UBE2V2
UBE2D3,TLR4
UBE2D3,SMAD2
UBE2D3,UBE2F
UBE2D3,STUB1
UBE2D3,UBE2U
UBE2D3,DDX58
UBE2D3,UBE2D4
UBE2D3,IFIH1
UBE2D3,OTUB1
UBE2D3,UBE2Q2
UBE2D3,RNF4
UBE2D3,ITCH
UBE2D3,CBL
UBE2D3,BARD1
UBE2D3,UBA3
UBE2D3,RBX1
UBE2D3,SMURF2
UBE2D3,WWP2
UBE2D3,UBE2C
UBE2D3,RNF7
UBE2D3,UBE2E2
UBE2D3,UBE3A
UBE2D3,UBA5
UBE2D3,RIPK1
UBE2D3,CDC34
UBE2D3,RPS27A
UBE2D3,SMURF1
UBE2D3,EGLN1
UBE2D3,UBE2V1
UBE2D3,UBE2M
UBE2D3,UBE2O
UBE2D3,UBE2S
UBE2D3,UBC
UBE2D3,PARK2
UBE2D3,UBE2H
UBE2D3,UBXN7
UBE2D3,EGLN3
UBE2D3,BRCA1
UBE2D3,EGFR
UBE2D3,NEDD8
UBE2D3,COMMD8
UBE2D3,MDM2
UBE2D3,UBE2G1
UBE2D3,HIF3A
UBE2D3,NEDD4
UBE2D3,UBA6
UBE2D3,SMAD1
UBE2D3,BMI1
UBE2D3,RNF8
UBE2D3,UBE2G2
UBE2D3,UBE2E1
UBE2D3,BIRC3
UBE2D3,SMAD3
UBE2D3,EGF
UBE2D3,TRAF6
UBE2D3,UBE4B
UBE2D3,UBE2W
UBE2D3,UBE2J1
UBE2D3,UBE2Z
UBE2D3,DCUN1D4
UBE2D3,RNF2
UBE2D3,TLR3
UBE2D3,UBA7
UBE2D3,UBE2E3
UBE2D3,EPAS1
UBE2D3,UBE2L6
UBE2D3,SMAD5
UBE2D3,ATG7
UBE2D3,UBE2J2
UBE2D3,DCUN1D2
UBE2D3,IKBKG
UBE2D3,UBE2Q1
ANAPC11,ANAPC10
ACTB,COPS4
ACTB,ANXA5
ACTB,CASP6
SMC4,CCNA2
SMC4,MAD2L1
ACSL3,ELOVL6
FXR1,CAMK2D
POT1,CCNA2
COPS5,COPS4
PAX5,LEF1
HSD17B11,CYP19A1
HSD17B11,CYP2A6
CX3CR1,CXCL1
WTAP,METTL14
DCAF4,COPS4
CNOT3,CNOT6L
CNOT3,EIF4E
CASP8,CASP6
CASP8,NFKB1
CASP8,EIF4E
CASP8,PTPN13
PSMB10,NFKB1
PSMB10,HNRNPD
PTPN5,PTPN13
WDR5,COPS4
TTC37,EXOSC9
STIP1,HSPA4L
CCL20,CXCL8
CCL20,CXCL10
CCL20,CXCL2
CCL20,CXCL1
EDC4,LSM6
TGFBR2,SMAD1
AP2A1,PPP3CA
KLHL9,KLHL8
SMARCAD1,MSH2
SMARCAD1,TRIM28
WWP2,UBE2D3
MAPK10,TRAF3
MAPK10,FOS
MAPK10,RALA
MAPK10,RAC1
MAPK10,MAPK8IP3
MAPK10,BDNF
MAPK10,BAD
MAPK10,JUND
MAPK10,CDC42
MAPK10,FOXO3
MAPK10,FOXO4
MAPK10,NGF
MAPK10,MAPK8IP2
MAPK10,JUN
MAPK10,RALB
MAPK10,ATF2
MAPK10,PRKCZ
MAPK10,MAPK8
MAPK10,MAP2K4
MAPK10,TRAF6
MAPK10,ARR3
MAPK10,WNT5A
MAPK10,FLNA
MAPK10,FZD2
MAPK10,TP53
MAPK10,APP
MAPK10,HRAS
MAPK10,MAP2K7
MAPK10,DUSP1
MAPK10,ARRB1
MAPK10,ARRB2
MAPK10,NGFR
MAPK10,MAGED1
MAPK10,ROR2
MAPK10,SAG
MAPK10,BCL2L11
MAPK10,CD40
MAPK10,NR3C1
MAPK10,MAPK9
MAPK10,ZNF274
MAPK10,TRAF2
MAPK10,SMAD4
MAPK10,SARM1
MAPK10,SP1
MAPK10,CD40LG
MAPK10,SORT1
MAPK10,MAPK8IP1
NUP214,SMAD1
NUP214,EIF4E
NUP214,NUP54
NUP214,HSPA4L
PCBP2,HNRNPD
DNMT1,SMARCA5
PCNT,PLK4
AP4M1,SPP1
SUPV3L1,EXOSC9
G3BP2,USP10
G3BP2,CAPRIN1
G3BP2,ATXN2L
G3BP2,TWIST1
DDA1,COPS4
RTEL1,CCNA2
CUX1,RAB33B
BAZ1A,SMARCA5
CDC16,ANAPC10
CDC16,MAD2L1
ETF1,ABCE1
RRM2,CCNA2
RRM2,MAD2L1
TPPP,SNCA
GTPBP4,SDAD1
GTPBP4,ABCE1
MRPL37,MRPL1
EIF3B,ABCE1
EIF3B,EIF4E
UBE2Z,UBE2D3
NTRK3,GAB1
UBA3,UBE2D3
STAT1,CAMK2D
STAT1,HERC5
STAT1,CXCL10
SREBF2,ELOVL6
SREBF2,SCD5
COMT,ADH1B
INPP5F,INPP4B
TOP1,CASP6
MRPL24,MRPL1
MTOR,NFKB1
MTOR,EIF4E
MRPL21,MRPS18C
MRPL21,MRPL1
PTGS1,CYP2U1
PTGS1,HPGDS
SMURF1,UBE2D3
SMURF1,SMAD1
MAGT1,OSTC
MT-ND6,NDUFC1
MT-ND1,NDUFC1
MT-ND4L,NDUFC1
RPL12,RPL34
RPL12,ABCE1
MT-ND5,NDUFC1
CXCL9,PF4V1
CXCL9,PF4
CXCL9,CCL5
CXCL9,CXCL10
CXCL9,CXCL13
CXCL9,CCL2
CXCL9,CD79A
CXCL9,CXCL11
CXCL9,CXCR3
CXCL9,CD79B
CXCL9,CCR5
CXCL9,MAP2K3
TIFA,RPS27A
TIFA,TRAF6
GAB2,GAB1
MT-ND4,NDUFC1
NAA35,NAA15
MT-ND2,NDUFC1
ARHGAP11A,CCNA2
QKI,CAMK2D
INO80,COPS4
MT-ND3,NDUFC1
E2F2,CCNA2
CNOT7,EIF4E
CNOT7,CNOT6L
PTPLA,ELOVL6
RPL39,RPL34
PSMB5,HNRNPD
PSMB5,NFKB1
EXO1,CCNA2
RYR2,CAMK2D
RYR2,PKD2
TOMM20,SNCA
EGLN1,UBE2D3
AGT,ENPEP
COG2,RAB33B
COG2,USO1
RAB4A,GAB1
HIST3H3,SMARCA5
HIST3H3,LEF1
ADCK3,COQ2
PARP1,CAMK2D
PARK2,SNCA
PARK2,UBE2D3
EPRS,AIMP1
EPRS,ABCE1
TGFB2,SMAD1
RRP15,SDAD1
CENPF,CCNA2
CENPF,MAD2L1
PTPN14,PTPN13
DTL,CCNA2
DTL,COPS4
INTS7,INTS12
NEK2,ANAPC10
NEK2,MAD2L1
NEK2,CCNA2
PIK3C2B,INPP4B
KLHL12,KLHL8
KLHL12,SEC24B
KLHL12,SEC24D
KLHL12,SEC31A
ASPM,CCNA2
ASPM,PLK4
ASPM,MAD2L1
CFH,CFI
PTGS2,CXCL8
PTGS2,HPGDS
PTGS2,CYP2U1
TPR,MAD2L1
TPR,HSPA4L
TPR,EIF4E
RNF2,UBE2D3
RNF2,ANAPC10
EPM2A,STBD1
DHX9,NFKB1
DHX9,EIF4E
RNASEL,ABCE1
SF3B5,LSM6
LTV1,SDAD1
RFWD2,COPS4
SERPINC1,PF4
FASLG,PTPN13
PIGC,PYURF
GORAB,RCHY1
HBS1L,EXOSC9
HBS1L,ABCE1
DCAF6,COPS4
NDUFS2,NDUFC1
F11R,FGF2
COPA,USO1
TAGLN2,ANXA5
ACKR1,CXCL8
PTPRK,BTC
BGLAP,SPP1
LMNA,CAMK2D
LMNA,CASP6
LAMTOR2,LAMTOR3
LAMTOR2,EIF4E
DAP3,MRPS18C
HEY2,MAML3
FABP7,MAML3
IL6R,GAB1
ECHS1,HADH
RPS27,RPL34
RPS27,ABCE1
INPP5A,INPP4B
MKI67,CCNA2
S100A12,ANXA5
S100A12,NFKB1
BCCIP,CCNA2
MRPL9,MRPL1
BUB3,ANAPC10
BUB3,MAD2L1
PSMD4,HNRNPD
PSMD4,NFKB1
LACE1,SPATA5
PLEKHA1,PTPN13
PDSS2,COQ2
SEC23IP,SEC31A
ATG5,WDFY3
BAG3,HSPA4L
BAG3,SYNPO2
EIF3A,ABCE1
EIF3A,EIF4E
HIST2H2BE,LEF1
HIST2H2BE,SMARCA5
HSPA12A,HSPA4L
HSPA12A,NUP54
CASP7,EIF4E
MDN1,SDAD1
RRAGD,EIF4E
RRAGD,LAMTOR3
SHOC2,PPP3CA
BRCC3,ANAPC10
NGF,CASP6
NGF,NFKB1
NGF,MAPK10
NGF,GAB1
NRAS,AREG
NRAS,CAMK2D
NRAS,FGF2
NRAS,BTC
RARS2,AIMP1
DKC1,CCNA2
DKC1,GAR1
DDX20,NUP54
RAP1A,GAB1
GSTO1,HPGDS
RBM15,METTL14
PDCD11,SDAD1
TTK,PLK4
TTK,MAD2L1
TTK,CCNA2
USMG5,NDUFC1
PCGF6,ANAPC10
FLNA,ANXA5
FLNA,ARHGAP24
FLNA,MAPK10
FLNA,ABCE1
GNAI3,GAB1
SUFU,INTU
NFKB2,NFKB1
MYO6,CAMK2D
IRAK1,NFKB1
GBF1,USO1
DBT,PPM1K
BTRC,NFKB1
BTRC,PLK4
PTBP2,EIF4E
CETN2,MAD2L1
RPL5,MRPL1
RPL5,RPL34
YTHDF1,METTL14
SEC31B,SEC24D
SEC31B,SEC24B
SCD,ELOVL6
MTM1,INPP4B
CHUK,NFKB1
ABCC2,ABCG2
GBP1,CXCL10
FMR1,EIF4E
RBMX,HNRNPD
CD40LG,MAPK10
CD40LG,NFKB1
PTP4A1,CCNA2
PRKACB,NFKB1
BAG2,HSPA4L
IFI44,HERC5
IFI44L,HERC5
GPC4,HPSE
ACADM,HADH
PSMA7,NFKB1
PSMA7,HNRNPD
EXOSC1,EXOSC9
SERBP1,RPL34
UBE2U,UBE2D3
OCRL,INPP4B
PKHD1,PKD2
SMARCA1,SMARCA5
CYP2J2,CYP2U1
JUN,CXCL8
JUN,MAPK10
PPAP2B,SGMS2
CYP2C8,CYP2U1
CYP2C19,CYP2U1
NOC3L,SDAD1
RCAN2,PPP3CA
NDC1,HSPA4L
NDC1,EIF4E
NDUFA1,NDUFC1
RUNX2,SMAD1
RNF113A,LSM6
MRPL41,MRPS18C
MRPL41,MRPL1
CEP55,CCNA2
SCP2,HADH
UBE2A,UBE2D3
ORC1,CCNA2
PTGDS,HPGDS
AGPAT2,CDS1
INPP5E,INPP4B
PMPCA,COQ2
EPS15,PPP3CA
MRPS2,MRPS18C
IFIT1,HERC6
IFIT1,HERC5
IFIT3,HERC5
IFIT2,HERC5
STIL,PLK4
CYP4A22,CYP2U1
CYP4X1,ADH1B
MKNK1,EIF4E
PTEN,INPP4B
RPL7A,RPL34
RPL7A,ABCE1
MRPL14,MRPL1
BMPR1A,SMAD1
MRPS18A,MRPS18C
MRPS18A,MRPL1
DDX31,SDAD1
RAPGEF1,GAB1
KIF2C,CCNA2
KIF2C,MAD2L1
POLH,RCHY1
CD40,NFKB1
CD40,MAPK10
MMP9,FGF2
ABL1,CCNA2
EXOSC2,HNRNPD
EXOSC2,SDAD1
EXOSC2,EXOSC9
PRPS1,NUDT9
CDC20,CCNA2
CDC20,MAD2L1
CDC20,ANAPC10
NUP62CL,NUP54
YBX1,HNRNPD
NUP188,NUP54
NUP188,HSPA4L
SDC4,HPSE
SDC4,FGF2
SDC4,CXCL10
SPTAN1,ANK2
OXCT2,BDH2
CHCHD1,MRPS18C
HNRNPH2,HNRNPD
YWHAB,CAMK2D
YWHAB,EIF4E
HEYL,MAML3
DNM1,CXCL8
DNM1,PPP3CA
DNM1,CXCL10
MRPS16,MRPL1
MRPS16,MRPS18C
NDUFS5,NDUFC1
RRAGC,EIF4E
RRAGC,LAMTOR3
UTP11L,SDAD1
LCN2,FGF2
SF3A3,LSM6
INPP5B,INPP4B
CDCA8,CCNA2
CDCA8,MAD2L1
CDCA8,NUP54
GNL2,SDAD1
MEAF6,JADE1
MRPS15,MRPS18C
ENG,SMAD1
AGO1,EIF4E
EIF4EBP2,EIF4E
PSMB2,HNRNPD
PSMB2,NFKB1
SAR1A,SEC31A
SAR1A,SEC24D
SAR1A,SEC24B
CDK9,CCNA2
CDK9,LARP7
CDK9,AFF1
TSPAN15,TSPAN5
RNF8,UBE2D3
RBBP4,LIN54
RBBP4,ZNF827
RBBP4,SMARCA5
HDAC1,SMARCA5
HDAC1,NFKB1
HDAC1,LEF1
HDAC1,CCNA2
SRC,GAB1
SRC,DAPP1
SRC,NFKB1
SRC,UNC5C
SRC,SNCA
SRC,PTPN13
EIF3I,ABCE1
COPS7B,COPS4
RPS4X,RPL34
RPS4X,ABCE1
RBL1,LIN54
RBL1,CCNA2
CXCR3,CXCL11
CXCR3,CXCL9
CXCR3,PF4
CXCR3,CXCL10
PEF1,SEC31A
PEF1,SEC24D
PEF1,SEC24B
OGT,TET2
NDUFA8,NDUFC1
YTHDF2,METTL14
TRAF1,NFKB1
RPL10A,RPL34
UBE2D1,ANAPC10
UBE2D1,SMAD1
UBE2D1,CXCL8
UBE2D1,NFKB1
ZWINT,MAD2L1
DKK1,DKK2
TLR4,NFKB1
TLR4,UBE2D3
TLR4,CXCL10
PRKG1,PDE5A
FGR,PTPN13
FGR,SNCA
FGR,CXCL8
FGR,DAPP1
POLE3,SMARCA5
WDR31,RPL34
PRPF4,LSM6
IL2RG,IL15
CDC26,ANAPC10
CDC26,MAD2L1
FOXO4,CCNG2
FOXO4,MAPK10
ZNF593,SDAD1
UGCG,SGMS2
ITPR3,ANK2
PTPN20A,PTPN13
ALOX5,CYP2U1
RCAN3,PPP3CA
KIF4A,MAD2L1
KIF4A,CCNA2
LPAR1,GAB1
LPAR1,NFKB1
LPAR1,CXCL8
EIF6,SDAD1
EIF6,RPL34
HMGCL,BDH2
TXN,NFKB1
PTPN3,AREG
PTPN3,BTC
DAXX,PTPN13
RPL11,MRPL1
RPL11,RPL34
BMPR2,SMAD1
HNRNPR,HNRNPD
EPHB2,PTPN13
RING1,ANAPC10
AR,RCHY1
HSPG2,FGF2
HSPG2,HPSE
AOX1,ADH5
AOX1,ADH1C
AOX1,ADH1B
CCNY,CCNA2
PPP3R2,PPP3CA
PSMB9,NFKB1
MRPL50,MRPL1
PSMB8,NFKB1
PSMB8,HNRNPD
TEX10,SDAD1
EIF2S2,EIF4E
EIF2S2,ABCE1
TGFBR1,SMAD1
NOTCH4,MAML3
PINK1,SNCA
AGER,NFKB1
PLA2G2D,PLA2G12A
NCBP1,METTL14
NCBP1,EIF4E
MRTO4,SDAD1
HABP4,ANXA5
TFDP1,CCNA2
SKIV2L,EXOSC9
CUL4A,COPS4
EHMT2,CXCL8
RSG1,INTU
IARS,AIMP1
HSPA1B,NUP54
HSPA1A,NUP54
HSPA1L,NUP54
LSM2,LSM6
ASXL1,TET2
MAGED1,MAPK10
ROR2,MAPK10
SYK,SPP1
SYK,NFKB1
SYK,SNCA
CKS2,CCNA2
CKS2,MAD2L1
ZCCHC6,EIF4E
CCNB3,MAD2L1
PDSS1,COQ2
CCDC22,COPS4
HNRNPK,HNRNPD
DHX16,LSM6
TLE1,LEF1
MTHFR,MTHFD2L
GNL1,SDAD1
BMI1,ANAPC10
BMI1,UBE2D3
TBC1D25,RAB33B
COMMD3,COPS4
KLK6,SNCA
EXOSC10,EXOSC9
GPC6,HPSE
GPC5,HPSE
SPRY2,SPRY1
PRKACG,NFKB1
CRNKL1,LSM6
KLHL21,KLHL8
HIF3A,UBE2D3
DCAF10,COPS4
HIST1H4H,SMARCA5
HIST1H4B,SMARCA5
DIS3,EXOSC9
DIS3,CXCL8
HIST1H4C,SMARCA5
CKAP2,CCNA2
ITGA8,NPNT
ITGA8,SPP1
GBA2,SGMS2
TDP2,NFKB1
TP73,CCNA2
TP73,RCHY1
HSPA14,NUP54
HES5,MAML3
NUP160,NUP54
NUP160,EIF4E
SKI,SMAD1
PRKCZ,NFKB1
PRKCZ,MAPK10
UQCRQ,NDUFC1
ESD,ADH5
ZFC3H1,EXOSC9
BMP2,FGF2
BMP2,SMAD1
CRLS1,CDS1
MCM8,CCNA2
NRCAM,ANK2
POLA1,HELQ
PCNA,LIN54
PCNA,CCNA2
PCNA,MAD2L1
PCNA,RCHY1
FEZ2,SCOC
DNAJC2,HSPA4L
AGRN,HPSE
E2F4,CCNA2
E2F4,LIN54
ISG15,HERC5
ISG15,HERC6
NAA16,NAA15
PRNP,SNCA
ZNF827,RBBP4
WBP4,LSM6
FOXO1,CCNG2
TFAP2A,CASP6
EIF1AX,ABCE1
EXOSC9,EXOSC1
EXOSC9,PNPT1
EXOSC9,MPHOSPH6
EXOSC9,ZFC3H1
EXOSC9,WDR3
EXOSC9,EXOSC10
EXOSC9,SUPV3L1
EXOSC9,SKIV2L
EXOSC9,MPP6
EXOSC9,PNO1
EXOSC9,EXOSC8
EXOSC9,TTC37
EXOSC9,EXOSC2
EXOSC9,C1D
EXOSC9,UTP6
EXOSC9,EXOSC6
EXOSC9,EXOSC4
EXOSC9,DIS3L
EXOSC9,EXOSC3
EXOSC9,HBS1L
EXOSC9,DIS3
EXOSC9,SETX
EXOSC9,EXOSC7
EXOSC9,SKIV2L2
EXOSC9,EXOSC5
EEF1E1,AIMP1
DNAJA1,HSPA4L
SMAD9,UBE2D3
SMAD9,SMAD1
NDUFB6,NDUFC1
DDX58,HERC5
DDX58,UBE2D3
ARIH1,HERC5
IL2RA,IL15
TEK,NFKB1
CDK14,CCNA2
RFC3,MAD2L1
RFC3,RCHY1
RBBP7,COPS4
RBBP7,SMARCA5
ALOX15B,CYP2U1
MRPS26,MRPS18C
MLLT3,AFF1
RPS6,EIF4E
RPS6,ABCE1
RPS6,RPL34
PIGA,PYURF
GEMIN8,NUP54
RRAGA,LAMTOR3
RRAGA,EIF4E
AKR1C3,HPGDS
BTF3,RPL34
EIF3CL,ABCE1
CEP152,PLK4
PAN3,EIF4E
PITRM1,COQ2
CWC27,LSM6
MTIF3,MRPS18C
RCAN1,PPP3CA
SDC1,FGF2
SDC1,CXCL1
SDC1,HPSE
TH,SNCA
NOP56,GAR1
POLR2B,METTL14
ASMT,CYP2U1
KLHL42,KLHL8
IL6ST,GAB1
ITPR2,ANK2
CCP110,PLK4
MYBBP1A,SMARCA5
COMMD8,COPS4
COMMD8,UBE2D3
JAK2,NFKB1
JAK2,PAPSS1
JAK2,GAB1
JAK2,CAMK2D
ASAH1,SGMS2
NUPL1,HSPA4L
NUPL1,EIF4E
NUPL1,NUP54
GART,MTHFD2L
CENPJ,PLK4
RFC1,RCHY1
PGM2,NUDT9
RSAD2,HERC5
RSAD2,HERC6
FGFBP1,FGF2
NOP2,SDAD1
PSME1,NFKB1
PSME1,HNRNPD
BET1L,RAB33B
RNMT,EIF4E
PTPLB,ELOVL6
SEC13,HSPA4L
SEC13,NUP54
SEC13,LAMTOR3
SEC13,EIF4E
SEC13,USO1
SEC13,SEC31A
SEC13,SEC24B
SEC13,SEC24D
MRPL2,MRPL1
MRPL2,MRPS18C
METTL14,RBM15B
METTL14,ZC3H13
METTL14,POLR2B
METTL14,METTL3
METTL14,POLR2I
METTL14,CBLL1
METTL14,NCBP2
METTL14,ALKBH5
METTL14,WTAP
METTL14,RBM15
METTL14,YTHDF1
METTL14,GTF2F2
METTL14,POLR2K
METTL14,DGCR8
METTL14,POLR2A
METTL14,FTO
METTL14,POLR2C
METTL14,KIAA1429
METTL14,YTHDC1
METTL14,POLR2G
METTL14,YTHDF2
METTL14,POLR2F
METTL14,POLR2L
METTL14,POLR2E
METTL14,POLR2J
METTL14,POLR2D
METTL14,METTL4
METTL14,POLR2H
METTL14,NCBP1
METTL14,GTF2F1
KRT18,CASP6
ACVRL1,SMAD1
C17orf85,EIF4E
SACM1L,INPP4B
DCP2,EIF4E
DCP2,LSM6
DCP2,CXCL8
EXOSC8,EXOSC9
SQSTM1,WDFY3
SQSTM1,NFKB1
AKT1S1,EIF4E
RPL13A,RPL34
ATG16L1,RAB33B
EEF1B2,RPL34
STAT4,HNRNPDL
STAT4,NFKB1
INPP1,INPP4B
GPS1,COPS4
BDH1,BDH2
RFC4,RCHY1
RFC4,MAD2L1
HNRNPA3,HNRNPD
GRB2,GAB1
GRB2,HPGDS
GRB2,SPRY1
CERS6,SGMS2
ECT2,CCNA2
STT3A,OSTC
CD79B,DAPP1
CD79B,CXCL9
GRK5,SNCA
MRPS33,MRPS18C
BCL2L11,CAMK2D
BCL2L11,MAPK10
BBS10,BBS7
BBS10,BBS12
SPOP,KLHL8
PICALM,BMP2K
PICALM,PPP3CA
CNOT6,CNOT6L
CNOT6,EIF4E
GOLGB1,USO1
NUMA1,CASP6
DDX60,HERC6
PPP6R3,GAR1
PPP6R3,SEC24D
PPP6R3,SEC24B
MRPL19,MRPL1
MRPL19,MRPS18C
JUP,LEF1
PTTG1,CCNA2
PTTG1,MAD2L1
MTHFD2,MTHFD2L
RPL24,RPL34
SUOX,PAPSS1
G3BP1,ABCE1
ELF2,BLK
PRC1,MAD2L1
PRC1,CCNA2
GPC3,FGF2
GPC3,HPSE
LARS,AIMP1
CCT4,BBS7
GTF2F1,METTL14
BAD,MAPK10
BAD,SNCA
ELOVL6,SCD5
ELOVL6,SLC27A2
ELOVL6,SREBF1
ELOVL6,ACSL4
ELOVL6,SREBF2
ELOVL6,ACSBG2
ELOVL6,HSD17B12
ELOVL6,SCD
ELOVL6,ACSBG1
ELOVL6,TECR
ELOVL6,PTPLB
ELOVL6,ACSL1
ELOVL6,PTPLA
ELOVL6,ACSL3
ELOVL6,ACSL5
CCL8,CXCL10
CFI,C3
CFI,CFB
CFI,CFH
CFI,CD46
CFI,C2
CFI,C4B
CFI,C4A
RPL34,RPL26L1
RPL34,RPL11
RPL34,EIF6
RPL34,RPS8
RPL34,RPL29
RPL34,RPL26
RPL34,RPLP2
RPL34,TPT1
RPL34,RPL35
RPL34,RPL18
RPL34,BTF3
RPL34,RPL39L
RPL34,EEF2
RPL34,RPLP0
RPL34,RPL7A
RPL34,RPS10
RPL34,RPS9
RPL34,FAU
RPL34,GNB2L1
RPL34,RPL10A
RPL34,RPS29
RPL34,ENSG00000260836
RPL34,RPS20
RPL34,UBA52
RPL34,RPS24
RPL34,DOCK4
RPL34,RPL37
RPL34,RPS13
RPL34,RPL21
RPL34,RPL38
RPL34,RPS3A
RPL34,PA2G4
RPL34,RPS23
RPL34,RPL18A
RPL34,RPS18
RPL34,RPL5
RPL34,SERBP1
RPL34,RPL10L
RPL34,RPL27A
RPL34,RPL23
RPL34,RPL23A
RPL34,RPL3L
RPL34,RPS14
RPL34,RPS15A
RPL34,RPS21
RPL34,RPS11
RPL34,RSRC1
RPL34,RPL10
RPL34,RPS4X
RPL34,RPS15
RPL34,RPS27A
RPL34,C18orf32
RPL34,RPL31
RPL34,EEF1A1
RPL34,RPS10-NUDT3
RPL34,RPSA
RPL34,RPL30
RPL34,ENSG00000260342
RPL34,RPL12
RPL34,RPS7
RPL34,RPL13A
RPL34,EEF1B2
RPL34,RPL14
RPL34,RPL32
RPL34,RPS6
RPL34,RPL9
RPL34,PLEC
RPL34,RPS3
RPL34,RPS27L
RPL34,RPL13
RPL34,RPL17-C18orf32
RPL34,RPS26
RPL34,RPL35A
RPL34,RPSAP58
RPL34,RPL15
RPL34,RPL27
RPL34,RPS25
RPL34,EIF5B
RPL34,RPS17
RPL34,RPS19
RPL34,RPS28
RPL34,RPL28
RPL34,RPL36
RPL34,RPS16
RPL34,RPL19
RPL34,RPL6
RPL34,MRPS7
RPL34,RPS12
RPL34,IMP3
RPL34,RPS5
RPL34,RPS27
RPL34,RPL17
RPL34,RPL22L1
RPL34,RPLP1
RPL34,RPL7
RPL34,RPL37A
RPL34,WDR31
RPL34,RPL36AL
RPL34,RPL36A
RPL34,RPL3
RPL34,RPL4
RPL34,RPL39
RPL34,RPL8
RPL34,RPL24
RPL34,RSL24D1
RPL34,RPL36A-HNRNPH2
RPL34,RPS2
RPL34,RPL22
SGMS2,CERS4
SGMS2,SMPD2
SGMS2,ACER2
SGMS2,SGPP2
SGMS2,GBA
SGMS2,GBA2
SGMS2,ACER1
SGMS2,SMPD4
SGMS2,CERK
SGMS2,CERS3
SGMS2,GALC
SGMS2,SGPP1
SGMS2,CERS6
SGMS2,ASAH2
SGMS2,SMPD1
SGMS2,ASAH1
SGMS2,UGT8
SGMS2,SMPD3
SGMS2,PPAP2C
SGMS2,PPAP2B
SGMS2,DEGS2
SGMS2,DEGS1
SGMS2,CERS2
SGMS2,CERS5
SGMS2,UGCG
AIMP1,IARS
AIMP1,LARS
AIMP1,EEF1E1
AIMP1,AIMP2
AIMP1,RARS
AIMP1,QARS
AIMP1,RARS2
AIMP1,KARS
AIMP1,MARS
AIMP1,EPRS
AIMP1,DARS
HSPA2,NUP54
PRKCD,SNCA
PRKCD,NFKB1
CXXC4,TET2
INCENP,NUP54
PPP3CB,PPP3CA
PPP3CA,SYNJ1
PPP3CA,PPP1R1B
PPP3CA,PPP1CC
PPP3CA,EPS15
PPP3CA,CALM3
PPP3CA,RCAN3
PPP3CA,PPP1CB
PPP3CA,C16orf74
PPP3CA,PPP3R2
PPP3CA,PPP2CB
PPP3CA,CYCS
PPP3CA,EPN1
PPP3CA,NOS1
PPP3CA,NFATC3
PPP3CA,RCAN2
PPP3CA,WDR82
PPP3CA,PPP1R9B
PPP3CA,AP2M1
PPP3CA,PPP2R5C
PPP3CA,PPP2R1A
PPP3CA,PPP2CA
PPP3CA,AP2A1
PPP3CA,PPP1CA
PPP3CA,PICALM
PPP3CA,DNM1
PPP3CA,CALM2
PPP3CA,MEF2A
PPP3CA,PPIA
PPP3CA,PPP1R12A
PPP3CA,CALM1
PPP3CA,PPP2R2A
PPP3CA,CABIN1
PPP3CA,PPP3CB
PPP3CA,MEF2D
PPP3CA,PPP3CC
PPP3CA,TOX4
PPP3CA,PPP2R5A
PPP3CA,FKBP1A
PPP3CA,PPP4R2
PPP3CA,SHOC2
PPP3CA,CNEP1R1
PPP3CA,BIN1
PPP3CA,NFATC2
PPP3CA,SYNJ2
PPP3CA,RCAN1
PPP3CA,MEF2C
PPP3CA,NFATC1
PPP3CA,PPP3R1
PPP3CA,PPP4R4
PPP3CA,CAMK2B
PPP3CA,CTDNEP1
PPP3CA,BIN2
PPP3CA,GSK3B
CDC23,CXCL8
CDC23,MAD2L1
CDC23,ANAPC10
KIF20A,MAD2L1
KIF20A,CCNA2
SIN3A,SMARCA5
SPP1,BCAR1
SPP1,SYK
SPP1,ITGB5
SPP1,FN1
SPP1,RAC1
SPP1,ITGB3
SPP1,MMP3
SPP1,CD44
SPP1,ITGA9
SPP1,MMP7
SPP1,PTK2B
SPP1,CDC42
SPP1,CBFB
SPP1,BGLAP
SPP1,MAP3K1
SPP1,GSTM1
SPP1,RUNX3
SPP1,ITGAV
SPP1,RHOA
SPP1,ITGB1
SPP1,ITGA8
SPP1,AP4M1
SPP1,IBSP
SPP1,IGFBP5
SPP1,ITGA4
FZR1,MAD2L1
FZR1,CCNA2
FZR1,ANAPC10
AFF1,CCNT1
AFF1,ELL3
AFF1,SIAH1
AFF1,MLLT10
AFF1,EAF1
AFF1,ELL
AFF1,DOT1L
AFF1,CDK9
AFF1,MLLT3
AFF1,ELL2
AFF1,MLLT1
ARHGAP24,RBM10
ARHGAP24,FLNA
CDK1,USO1
CDK1,MAD2L1
CDK1,CCNA2
CDK1,NUP54
SEC31A,SEC13
SEC31A,SEC23IP
SEC31A,XBP1
SEC31A,SEC24A
SEC31A,SAR1B
SEC31A,TFG
SEC31A,LMAN1
SEC31A,SEC16B
SEC31A,SEC24B
SEC31A,SEC24D
SEC31A,PEF1
SEC31A,PDCD6
SEC31A,SEC24C
SEC31A,SEC16A
SEC31A,SEC23A
SEC31A,SEC23B
SEC31A,SAR1A
SEC31A,KLHL12
PPP1CB,PPP3CA
AGPAT1,CDS1
ASAH2,SGMS2
ATXN2L,G3BP2
SULT1A1,ADH1B
SULT1A1,CYP2U1
MAPK8,NFKB1
MAPK8,GAB1
MAPK8,MAPK10
SULT1A2,ADH1B
SULT1A2,CYP2U1
BTC,ERBB2IP
BTC,HRAS
BTC,ERBB2
BTC,EPGN
BTC,AREG
BTC,EGFR
BTC,LRIG1
BTC,HBEGF
BTC,CSK
BTC,PXN
BTC,ADAM17
BTC,PTPRK
BTC,PTPN3
BTC,ERBB4
BTC,FOS
BTC,KRAS
BTC,NRAS
BTC,HSP90AA1
AREG,EREG
AREG,CSK
AREG,PXN
AREG,PTPN3
AREG,EGF
AREG,HRAS
AREG,BTC
AREG,EGFR
AREG,LRIG1
AREG,BET1
AREG,FOS
AREG,KRAS
AREG,NRAS
AREG,ERBB3
AREG,ERBB2
CAMK2B,CAMK2D
CAMK2B,PPP3CA
MTHFD2L,MTHFS
MTHFD2L,MTHFR
MTHFD2L,ST20-MTHFS
MTHFD2L,TYMS
MTHFD2L,AMT
MTHFD2L,FTCD
MTHFD2L,MTHFD1
MTHFD2L,MTHFD2
MTHFD2L,ALDH1L1
MTHFD2L,MTHFD1L
MTHFD2L,ALDH1L2
MTHFD2L,GART
MTHFD2L,MTFMT
MTHFD2L,ATIC
MTHFD2L,SHMT1
MTHFD2L,SHMT2
CXCL1,SDC1
CXCL1,CXCL2
CXCL1,IL10
CXCL1,CCL20
CXCL1,CCL3
CXCL1,CCL22
CXCL1,TNF
CXCL1,CXCL3
CXCL1,CCL3L3
CXCL1,CXCL10
CXCL1,CSF2
CXCL1,CXCR1
CXCL1,CCL2
CXCL1,CCL4
CXCL1,IL1A
CXCL1,IL12B
CXCL1,CCR2
CXCL1,CX3CR1
CXCL1,LIF
CXCL1,IL18
CXCL1,IL12A
CXCL1,CSF3
CXCL1,CXCR2
CXCL1,IL1B
CXCL1,IL6
CXCL1,CXCR4
CXCL1,CCL5
APIP,ENOPH1
CXCL12,PF4
TNRC6A,EIF4E
MPRIP,CAMK2D
RAE1,HSPA4L
RAE1,NUP54
RAE1,EIF4E
BMP7,SMAD1
GLI3,INTU
NFATC2,PPP3CA
RPS29,ABCE1
RPS29,MRPL1
RPS29,RPL34
ITGB1,NPNT
ITGB1,SPP1
FAF1,PTPN13
RPL14,RPL34
MGST1,MGST2
CYP19A1,HSD17B11
ADHFE1,ADH5
RPS8,MRPL1
RPS8,ABCE1
RPS8,RPL34
UBE2E2,UBE2D3
ILK,LEF1
ING4,JADE1
EAF1,AFF1
SLC38A9,EIF4E
SLC38A9,LAMTOR3
UBE2G1,UBE2D3
ITGA4,SPP1
SMU1,LSM6
IL15RA,IL15
RPL23L,MRPS18C
PTK2B,SPP1
EIF4ENIF1,EIF4E
KDM7A,CAMK2D
MCM3AP,MAD2L1
PPP3CC,PPP3CA
CEP83,SCLT1
ITGB2,NFKB1
KIAA0020,SDAD1
INTS10,INTS12
MAP2K7,MAPK10
EPHB1,PTPN13
AGPAT3,CDS1
CTDSP2,SMAD1
KHSRP,CXCL8
KHSRP,HNRNPD
PPAPDC1A,CDS1
CABIN1,PPP3CA
CAMK2A,CAMK2D
FGFRL1,FGF2
PRPS2,NUDT9
MX1,HERC6
MX1,HERC5
GSTP1,ADH5
HMGCLL1,BDH2
DOT1L,AFF1
UBE2D2,RCHY1
UBE2D2,NFKB1
SEC24A,SEC24D
SEC24A,SEC31A
SEC24A,SEC24B
DYRK1A,LIN54
KSR1,CAMK2D
ALKBH5,METTL14
MRPS6,MRPS18C
ABCC1,ABCG2
ANKRD28,SEC24B
ANKRD28,GAR1
ANKRD28,SEC24D
MAP3K1,SPP1
MAP3K1,DAPP1
ROCK1,GAB1
SEH1L,HSPA4L
SEH1L,LAMTOR3
SEH1L,NUP54
SEH1L,EIF4E
RUNX3,SPP1
DDX3X,EIF4E
SNRPN,LSM6
FKBP1A,SNCA
FKBP1A,EIF4E
FKBP1A,PPP3CA
DEPDC5,LAMTOR3
CDC42,HPGDS
CDC42,MAPK10
CDC42,SPP1
EIF4G3,EIF4E
EIF4G3,CASP6
UBE2J2,UBE2D3
NHP2L1,GAR1
NHP2L1,LSM6
POMC,FGF2
CUL4B,COPS4
GATSL3,LAMTOR3
PSME4,NFKB1
PSME4,HNRNPD
HPSE,SDC1
HPSE,GPC4
HPSE,AGRN
HPSE,IDS
HPSE,HSPG2
HPSE,SDC3
HPSE,SDC2
HPSE,GPC1
HPSE,GPC5
HPSE,GPC2
HPSE,SDC4
HPSE,GPC6
HPSE,HGS
HPSE,GPC3
RELA,CXCL2
RELA,NFKB1
RELA,CXCL8
RELA,SETD7
WDR43,ABCE1
WDR43,SDAD1
BCL6,DAPP1
HYPK,NAA15
NLK,LEF1
MTMR3,INPP4B
CDKN1A,CCNA2
CDKN1A,ANAPC10
XPO1,NFKB1
SAA1,NFKB1
SAA1,FGF2
MRPS12,MRPS18C
MAD1L1,MAD2L1
SAR1B,SEC24B
SAR1B,SEC24D
SAR1B,SEC31A
IL6,FGF2
IL6,GAB1
IL6,CXCL1
IL6,CXCL2
IL6,CXCL8
IL6,NFKB1
IL6,CXCL10
INTS1,INTS12
FOXO3,MAPK10
FOXO3,CCNG2
FOXO3,TET2
RPS14,RPL34
RPS14,ABCE1
NGDN,EIF4E
HEPN1,ANXA5
PSMB11,HNRNPD
PSMB11,NFKB1
IL1R1,NFKB1
SAG,MAPK10
ZC3H8,LARP7
SMPD4,SGMS2
PSMD14,HNRNPD
PSMD14,NFKB1
RPL36A-HNRNPH2,RPL34
RPL31,RPL34
RPL31,MRPL1
UBE2E3,UBE2D3
SH3BP4,LAMTOR3
CXCR4,CXCL1
CXCR4,CXCL2
CXCR4,CXCL11
CXCR4,CXCL8
CWC22,LSM6
PLD3,CDS1
ALDH7A1,PDE5A
IL18R1,NFKB1
RAB1A,USO1
UGT2B11,ADH1B
UGT2B11,CYP2U1
CREB1,CAMK2D
SOS1,GAB1
PARN,CXCL8
PARN,EIF4E
UBA52,SMAD1
UBA52,HNRNPD
UBA52,RPL34
CASP4,EIF4E
CHEK1,CCNA2
CHEK1,MAD2L1
EIF4B,EIF4E
EIF4B,CNOT6L
MMADHC,MMAA
RPL23A,RPL34
RPL23A,ABCE1
RPL23A,MRPL1
DCC,UNC5C
NDUFA11,NDUFC1
PPP1R12A,PRKG2
PPP1R12A,PPP3CA
NPNT,ITGB1
NPNT,ITGA8
NPNT,FREM1
NPNT,FRAS1
NFATC1,PPP3CA
NFATC1,DAPP1
DCUN1D4,COPS4
DCUN1D4,UBE2D3
ENSG00000239789,MRPS18C
GLI2,INTU
SCFD1,SEC24D
SCFD1,USO1
ABHD5,CDS1
PSMC2,HNRNPD
PSMC2,NFKB1
PTPN6,PTPN13
BCAR1,SPP1
REPS1,BMP2K
EFTUD2,LSM6
PPP6C,SEC24D
PPP6C,SEC24B
PPAPDC1B,CDS1
NDUFS1,NDUFC1
RPS18,MRPL1
RPS18,ABCE1
RPS18,RPL34
FGFR1,FGF2
SESN1,LAMTOR3
NKIRAS1,NFKB1
PLA2G10,PLA2G12A
KIFC1,CCNA2
COMMD5,COPS4
ANAPC7,ANAPC10
ANAPC7,MAD2L1
MAPK9,MAPK10
PTPN13,FASLG
PTPN13,PTPN18
PTPN13,FAF1
PTPN13,EPHB2
PTPN13,PTPN20A
PTPN13,PLEKHA2
PTPN13,PTPN2
PTPN13,EPHB1
PTPN13,CADM1
PTPN13,SRC
PTPN13,RAPGEF6
PTPN13,PTPN7
PTPN13,LCK
PTPN13,PLEKHA1
PTPN13,CASP8
PTPN13,FGR
PTPN13,FADD
PTPN13,PTPN9
PTPN13,PTPN11
PTPN13,DAXX
PTPN13,PTPN5
PTPN13,PTPN12
PTPN13,BLK
PTPN13,HCK
PTPN13,LYN
PTPN13,PTPN6
PTPN13,FAS
PTPN13,YES1
PTPN13,PTPN23
PTPN13,FYN
PTPN13,SMAD3
PTPN13,PTK2
PTPN13,CASP10
PTPN13,PTPN4
PTPN13,PTPN14
PTPN13,APC
PTPN13,EFNB1
LPAR3,CXCL8
LPAR3,NFKB1
MAN2B1,MANBA
MECP2,CAMK2D
GNL3,SDAD1
GNL3,ABCE1
TSPAN14,TSPAN5
IK,LSM6
C4A,CFI
PSMD13,NFKB1
PSMD13,HNRNPD
NTF3,GAB1
COG6,RAB33B
UBE2W,UBE2D3
ACTL6A,COPS4
RPL17,RPL34
E2F5,CCNA2
E2F5,LIN54
EXOSC6,EXOSC9
CD44,SPP1
CD44,FGF2
TNF,CXCL10
TNF,CXCL1
TNF,CXCL2
TNF,CXCL8
TNF,NFKB1
DDOST,OSTC
SATB1,CASP6
CNOT10,CNOT6L
CNOT10,EIF4E
TEN1-CDK3,CCNA2
RHOA,HPGDS
RHOA,RAP1GDS1
RHOA,SPP1
HNRNPF,HNRNPD
HNRNPF,HNRNPDL
RPL9,MRPL1
RPL9,ABCE1
RPL9,RPL34
SNRPE,NUP54
SNRPE,LSM6
PNPT1,EXOSC9
CBLL1,METTL14
SHC1,GAB1
MYD88,NFKB1
PAN2,EIF4E
PSMC6,NFKB1
PSMC6,HNRNPD
KBTBD8,KLHL8
BMPR1B,SMAD1
SEPT4,SNCA
WEE1,CCNA2
RPF2,SDAD1
WDR83,LAMTOR3
RPL6,RPL34
ARRB2,MAPK10
ARRB2,CXCL8
ARRB2,NFKB1
POLR2F,METTL14
DOCK4,RPL34
RACGAP1,CCNA2
RACGAP1,MAD2L1
RPL36A,RPL34
DNAJB14,HSPA8
NOP14,SDAD1
INPP5D,GAB1
INPP5D,INPP4B
CNEP1R1,PPP3CA
CDC45,CCNA2
CDC45,MAD2L1
ESRP1,CAMK2D
TMED7,SEC24B
TMED7,SEC24D
SUMO2,NUP54
UNC5C,SRC
UNC5C,NTN1
UNC5C,YES1
UNC5C,DCC
UNC5C,PTK2
UNC5C,FYN
PAPSS2,PAPSS1
TRPV4,PKD2
EPN1,PPP3CA
COX20,COX18
DNAJC7,HSPA4L
EBNA1BP2,GAR1
EBNA1BP2,SDAD1
HRAS,SPRY1
HRAS,BTC
HRAS,GAB1
HRAS,MAPK10
HRAS,FGF2
HRAS,CAMK2D
HRAS,AREG
RFC5,RCHY1
VWA9,INTS12
PRKCA,NFKB1
GDNF,GAB1
ARRB1,MAPK10
ARRB1,CXCL10
ARRB1,CXCL8
SUMO3,NUP54
SYNJ1,INPP4B
SYNJ1,PPP3CA
SCN5A,ANK2
FGFR2,FGF2
FGFR2,GAB1
MAP2K4,MAPK10
STMN1,CAMK2D
CDK3,CCNA2
FAM131B,CAMK2D
LSM5,LSM6
MAD2L1BP,MAD2L1
MARK3,CAMK2D
TOP2A,CCNA2
TOP2A,MAD2L1
TOP2A,NUP54
TOP2A,LIN54
EPGN,BTC
MRVI1,PRKG2
IL10,CXCL8
IL10,FGF2
IL10,CXCL10
IL10,CXCL1
IL10,CXCL2
PPP2R5C,PPP3CA
SNRPB,NUP54
SNRPB,LSM6
MMS19,ABCE1
FREM1,NPNT
FREM1,FRAS1
RPL10,RPL34
NLE1,SDAD1
STXBP2,ANXA5
CDKN1C,CCNA2
INPP5K,INPP4B
HJURP,CCNA2
PPP6R1,SEC24D
PPP6R1,SEC24B
INTS2,INTS12
BDNF,GAB1
BDNF,MAPK10
BDNF,CASP6
RPS24,RPL34
RPS24,ABCE1
PSMA1,NFKB1
PSMA1,HNRNPD
DCTN4,ANK2
CBFB,SPP1
CBFB,PF4
INTS12,VWA9
INTS12,INTS10
INTS12,INTS5
INTS12,INTS6
INTS12,INTS7
INTS12,INTS4
INTS12,INTS2
INTS12,INTS9
INTS12,INTS3
INTS12,CPSF3L
INTS12,ASUN
INTS12,INTS1
INTS12,INTS8
POLR2H,METTL14
DCAF11,COPS4
C4B,CFI
KIAA1549,CAMK2D
GOLGA2,USO1
EIF4G1,HNRNPD
EIF4G1,EIF4E
EIF4G1,CASP6
EIF4G1,CNOT6L
RPL32,RPL34
CFB,CFI
NDUFA5,NDUFC1
RPSAP58,RPL34
NCK1,GAB1
GOLIM4,RAB33B
MRPL47,MRPL1
MRPL47,MRPS18C
SLBP,EIF4E
SLBP,NUP54
DCUN1D2,COPS4
DCUN1D2,UBE2D3
NAA10,NAA15
PPP2R5D,EIF4E
MRPS22,MRPS18C
RPL37A,RPL34
MCM10,CCNA2
NDUFA3,NDUFC1
PPP2CA,PPP3CA
PPP2CA,CXCL8
PSMD6,NFKB1
PSMD6,HNRNPD
PARK7,SNCA
FTO,METTL14
NDUFA6,NDUFC1
RPL29,RPL34
BRCA1,ANAPC10
BRCA1,UBE2D3
NMD3,SDAD1
NDUFB2,NDUFC1
RPL35A,RPL34
TRPC1,PKD2
PPIA,PPP3CA
EIF1,ABCE1
EIF1,EIF4E
COMMD2,COPS4
NUDT5,NUDT9
CDK5,CCNI
PIGP,PYURF
FLNB,HERC5
RPL23,MRPL1
RPL23,RPL34
RPL23,ABCE1
BAG1,HSPA4L
MRPS14,MRPS18C
MRPS14,MRPL1
MAML3,PTCRA
MAML3,HEY2
MAML3,HES5
MAML3,NOTCH3
MAML3,RBPJ
MAML3,DLGAP5
MAML3,HEY1
MAML3,FABP7
MAML3,MYC
MAML3,NOTCH4
MAML3,HES1
MAML3,HEYL
MAML3,NOTCH1
ANAPC13,ANAPC10
ANAPC13,MAD2L1
FNIP1,LAMTOR3
LSM6,PRPF3
LSM6,DCP2
LSM6,SF3B1
LSM6,DHX16
LSM6,LSM7
LSM6,SNRPB2
LSM6,SF3A3
LSM6,RNF113A
LSM6,PRPF6
LSM6,LSM8
LSM6,PRPF8
LSM6,DDX23
LSM6,SNRPA1
LSM6,SNRPF
LSM6,SNIP1
LSM6,WBP4
LSM6,SNRNP40
LSM6,DCP1B
LSM6,SF3B3
LSM6,EDC3
LSM6,SNRPB
LSM6,SNRNP200
LSM6,DCP1A
LSM6,PATL1
LSM6,DDX6
LSM6,IK
LSM6,MFAP1
LSM6,SART3
LSM6,SRRM2
LSM6,LSM4
LSM6,LSM3
LSM6,PRPF4
LSM6,RBMX2
LSM6,PRPF38A
LSM6,SNRPG
LSM6,SF3B5
LSM6,SNRPD3
LSM6,SF3A1
LSM6,LSM5
LSM6,EDC4
LSM6,EFTUD2
LSM6,SF3A2
LSM6,CWC22
LSM6,SNRPE
LSM6,USP39
LSM6,PRPF31
LSM6,BUD13
LSM6,SNRPD1
LSM6,NAA38
LSM6,CRNKL1
LSM6,MAGOHB
LSM6,SMU1
LSM6,SF3B4
LSM6,SNRPN
LSM6,SNRPD2
LSM6,CWC27
LSM6,TXNL4A
LSM6,PHF5A
LSM6,XRN1
LSM6,LSM1
LSM6,SART1
LSM6,CLNS1A
LSM6,SF3B2
LSM6,ZMAT2
LSM6,LSM2
LSM6,NHP2L1
LSM6,PPIH
ACSL1,ELOVL6
LARP7,CDK9
LARP7,ZC3H8
LARP7,HEXIM2
LARP7,CCNT1
LARP7,SART3
LARP7,MEPCE
LARP7,HEXIM1
MRPL36,MRPS18C
MRPL36,MRPL1
DAPP1,PLCG2
DAPP1,PIK3CA
DAPP1,FGR
DAPP1,CD79B
DAPP1,FYN
DAPP1,LCK
DAPP1,BCR
DAPP1,SRC
DAPP1,MAP3K1
DAPP1,YES1
DAPP1,BCL6
DAPP1,MAP4K1
DAPP1,CD79A
DAPP1,NFATC1
DAPP1,LYN
DAPP1,BLK
DAPP1,HCK
NDUFA13,NDUFC1
LAMTOR3,GATSL2
LAMTOR3,WDR24
LAMTOR3,TSC2
LAMTOR3,PRKAG1
LAMTOR3,MAF1
LAMTOR3,WDR83
LAMTOR3,SEC13
LAMTOR3,SH3BP4
LAMTOR3,RRAGA
LAMTOR3,AKT1
LAMTOR3,C12orf66
LAMTOR3,SLC38A9
LAMTOR3,LAMTOR5
LAMTOR3,EIF4EBP1
LAMTOR3,SEH1L
LAMTOR3,MAP2K1
LAMTOR3,MAPK1
LAMTOR3,LAMTOR2
LAMTOR3,ITFG2
LAMTOR3,FNIP2
LAMTOR3,C7orf60
LAMTOR3,LAMTOR4
LAMTOR3,SZT2
LAMTOR3,NPRL2
LAMTOR3,EIF4E
LAMTOR3,RPS6KB1
LAMTOR3,SESN1
LAMTOR3,MIOS
LAMTOR3,RRAGB
LAMTOR3,RPTOR
LAMTOR3,FLCN
LAMTOR3,FNIP1
LAMTOR3,PRKAB1
LAMTOR3,KPTN
LAMTOR3,SESN2
LAMTOR3,NPRL3
LAMTOR3,RRAGC
LAMTOR3,WDR59
LAMTOR3,DEPDC5
LAMTOR3,RRAGD
LAMTOR3,TSC1
LAMTOR3,MAPK3
LAMTOR3,GATSL3
LAMTOR3,LAMTOR1
MRPS30,MRPS18C
PRPS1L1,NUDT9
NEDD4,UBE2D3
CNOT6L,PABPC1
CNOT6L,RQCD1
CNOT6L,TOB1
CNOT6L,EIF4G1
CNOT6L,CNOT4
CNOT6L,CNOT11
CNOT6L,CNOT10
CNOT6L,EIF4A3
CNOT6L,CNOT7
CNOT6L,CNOT8
CNOT6L,PAIP1
CNOT6L,EIF4B
CNOT6L,CNOT3
CNOT6L,CPEB3
CNOT6L,CNOT2
CNOT6L,CNOT1
CNOT6L,TNKS1BP1
CNOT6L,EIF4A1
CNOT6L,CNOT6
CNOT6L,EIF4E
CNOT6L,EIF4A2
COX18,COX20
COX18,CYCS
INPP4B,PIK3C2B
INPP4B,OCRL
INPP4B,INPP5E
INPP4B,INPP5F
INPP4B,PIK3R3
INPP4B,SACM1L
INPP4B,PIK3R2
INPP4B,SYNJ1
INPP4B,PIK3C2G
INPP4B,IMPAD1
INPP4B,INPPL1
INPP4B,PIKFYVE
INPP4B,FIG4
INPP4B,MTMR14
INPP4B,INPP5D
INPP4B,SYNJ2
INPP4B,PIK3C2A
INPP4B,INPP5B
INPP4B,PIK3C3
INPP4B,MTMR3
INPP4B,PIK3R1
INPP4B,INPP5K
INPP4B,MTM1
INPP4B,INPP5A
INPP4B,INPP1
INPP4B,PTEN
EIF4E,NUP160
EIF4E,NUP98
EIF4E,MAPK14
EIF4E,PAN3
EIF4E,CASP4
EIF4E,LAMTOR1
EIF4E,PSMC4
EIF4E,EIF4EBP2
EIF4E,RRAGD
EIF4E,RRAGC
EIF4E,EIF4A2
EIF4E,EIF4EBP1
EIF4E,RAE1
EIF4E,NUP62
EIF4E,TNRC6A
EIF4E,RHEB
EIF4E,DDX3X
EIF4E,NUP210
EIF4E,NUP43
EIF4E,CASP2
EIF4E,CNOT6
EIF4E,NUP54
EIF4E,LAMTOR3
EIF4E,EIF2S2
EIF4E,NUP133
EIF4E,XPO5
EIF4E,DICER1
EIF4E,TARBP2
EIF4E,SLBP
EIF4E,PTBP2
EIF4E,CASP7
EIF4E,EIF4A1
EIF4E,NUP35
EIF4E,NUP93
EIF4E,NUP85
EIF4E,PARN
EIF4E,EIF4ENIF1
EIF4E,NUP107
EIF4E,ZCCHC6
EIF4E,SLC38A9
EIF4E,LAMTOR5
EIF4E,DHX9
EIF4E,PTBP1
EIF4E,PML
EIF4E,CNOT1
EIF4E,CASP6
EIF4E,CNOT2
EIF4E,MTOR
EIF4E,RNMT
EIF4E,PPP2R5D
EIF4E,NUP153
EIF4E,NUP37
EIF4E,LSM14A
EIF4E,LIMD1
EIF4E,MKNK1
EIF4E,CASP10
EIF4E,CYFIP1
EIF4E,EIF4G2
EIF4E,CPEB1
EIF4E,EIF4EBP3
EIF4E,RRAGB
EIF4E,AGO1
EIF4E,CNOT3
EIF4E,EIF3A
EIF4E,EIF4B
EIF4E,DDX6
EIF4E,CASP3
EIF4E,MAPK11
EIF4E,PAIP1
EIF4E,EIF2S3
EIF4E,EIF3B
EIF4E,NUP155
EIF4E,UPF1
EIF4E,MLST8
EIF4E,NUPL2
EIF4E,SEH1L
EIF4E,NUP214
EIF4E,EIF4H
EIF4E,DCP2
EIF4E,SEC13
EIF4E,RRAGA
EIF4E,EIF2S1
EIF4E,YWHAB
EIF4E,RPS6KB1
EIF4E,NUP88
EIF4E,FMR1
EIF4E,CNOT8
EIF4E,NUP205
EIF4E,LAMTOR2
EIF4E,NCBP2
EIF4E,FKBP1A
EIF4E,RPTOR
EIF4E,CNOT10
EIF4E,PAN2
EIF4E,CASP9
EIF4E,CNOT7
EIF4E,EIF4E2
EIF4E,CNOT11
EIF4E,FAM103A1
EIF4E,CASP8
EIF4E,CNOT4
EIF4E,NDC1
EIF4E,EIF4G1
EIF4E,NUP50
EIF4E,ZCCHC11
EIF4E,C17orf85
EIF4E,CASP1
EIF4E,AKT1S1
EIF4E,EIF1
EIF4E,NCBP1
EIF4E,RANBP2
EIF4E,CNOT6L
EIF4E,RQCD1
EIF4E,NUPL1
EIF4E,RPS6
EIF4E,PABPC1
EIF4E,AGO2
EIF4E,EIF4G3
EIF4E,LAMTOR4
EIF4E,TPR
EIF4E,NGDN
ADH1C,CYP26A1
ADH1C,CYP27C1
ADH1C,BCO1
ADH1C,ALDH2
ADH1C,AOX1
ADH1C,CYP2E1
ADH1C,ADH1B
ADH1C,LRAT
ADH1C,RETSAT
OSTC,RPN2
OSTC,STT3A
OSTC,DAD1
OSTC,MAGT1
OSTC,SSR4
OSTC,KRTCAP2
OSTC,STT3B
OSTC,OST4
OSTC,TMEM258
OSTC,RPN1
OSTC,SSR3
OSTC,PRKX
OSTC,DDOST
RNF4,UBE2D3
SMAD1,TGFBR1
SMAD1,PPP1CA
SMAD1,BMP4
SMAD1,UBA52
SMAD1,SMAD5
SMAD1,TGFBR2
SMAD1,BMPR1B
SMAD1,SKI
SMAD1,TGFB1
SMAD1,UBB
SMAD1,NKX2-5
SMAD1,ACVR2A
SMAD1,MAPK1
SMAD1,CTDSPL
SMAD1,BMP2
SMAD1,GATA4
SMAD1,ACVR2B
SMAD1,MAPK3
SMAD1,ATF2
SMAD1,CTDSP2
SMAD1,BMP6
SMAD1,UBE2D3
SMAD1,HFE2
SMAD1,AMHR2
SMAD1,LEMD3
SMAD1,UBC
SMAD1,ACVRL1
SMAD1,SMAD7
SMAD1,YAP1
SMAD1,BMPR1A
SMAD1,ENG
SMAD1,RPS27A
SMAD1,SMURF1
SMAD1,AMH
SMAD1,PPM1A
SMAD1,TGFB2
SMAD1,RUNX2
SMAD1,CTCF
SMAD1,NUP214
SMAD1,SMURF2
SMAD1,SMAD6
SMAD1,BMPR2
SMAD1,PPP1R15A
SMAD1,RGMA
SMAD1,GDF2
SMAD1,ACVR1
SMAD1,BMP7
SMAD1,CAV1
SMAD1,TGFB3
SMAD1,RGMB
SMAD1,ZFYVE16
SMAD1,SMAD2
SMAD1,SMAD9
SMAD1,UBE2D1
SMAD1,CTDSP1
SMAD1,SMAD4
TNIP3,TNFAIP3
ERBB2IP,BTC
WNT8A,DKK2
ANAPC4,MAD2L1
ANAPC4,ANAPC10
GNB2L1,RPL34
GNB2L1,ABCE1
MRPS27,MRPS18C
CXCL2,CCL3
CXCL2,CCL22
CXCL2,CCL20
CXCL2,IL10
CXCL2,CXCL1
CXCL2,CXCL10
CXCL2,CCL3L3
CXCL2,CSF2
CXCL2,TNF
CXCL2,CXCL3
CXCL2,IL12B
CXCL2,LIF
CXCL2,CCL2
CXCL2,CCL4
CXCL2,IL1A
CXCL2,CXCR1
CXCL2,CCL5
CXCL2,RELA
CXCL2,IL1B
CXCL2,CXCR2
CXCL2,CXCR4
CXCL2,IL6
CXCL2,CSF3
CXCL2,IL18
CXCL2,IL12A
CEP192,PLK4
WDR1,ANXA5
TOB1,CNOT6L
PIK3R1,GAB1
PIK3R1,INPP4B
PIK3R1,NFKB1
RPL30,RPL34
UBE2V2,UBE2D3
RPL26L1,RPL34
CETN3,MAD2L1
ANGPT1,NFKB1
PBK,CCNA2
PBK,MAD2L1
SEC24B,CFTR
SEC24B,STX5
SEC24B,PDCD6
SEC24B,ANKRD28
SEC24B,SLC6A4
SEC24B,SEC16A
SEC24B,LMAN1
SEC24B,SEC24D
SEC24B,SEC23A
SEC24B,SEC31B
SEC24B,PPP6R1
SEC24B,USO1
SEC24B,SEC13
SEC24B,PPP6C
SEC24B,SAR1B
SEC24B,PEF1
SEC24B,MIA3
SEC24B,SEC24C
SEC24B,GOLPH3
SEC24B,TMED7
SEC24B,SAR1A
SEC24B,SEC31A
SEC24B,KLHL12
SEC24B,SEC23B
SEC24B,PPP6R3
SEC24B,SYS1
SEC24B,SEC22B
SEC24B,BET1
SEC24B,SEC24A
SEC24B,GOSR2
SEC24B,PREB
LYN,BANK1
LYN,DAPP1
LYN,NFKB1
LYN,CXCL8
LYN,SNCA
LYN,PTPN13
GRIA1,CAMK2D
INTS9,INTS12
CCNE2,CCNA2
RPS20,RPL34
RPS20,ABCE1
RPS20,MRPL1
MYBL1,LIN54
STK3,RASSF6
EIF3H,ABCE1
ENY2,MAD2L1
INTS8,INTS12
HDAC2,SMARCA5
HDAC2,TET2
HDAC2,NFKB1
CNOT8,EIF4E
CNOT8,CNOT6L
UQCRB,NDUFC1
IKBKB,NFKB1
MRPL22,MRPL1
MRPL22,MRPS18C
API5,FGF2
NTRK1,GAB1
NTRK1,FGF2
HSF1,CAMK2D
POU2F2,NFKB1
EIF3F,ABCE1
TYK2,NFKB1
CAPN1,SNCA
HSPA8,SNCA
HSPA8,HSPA4L
HSPA8,HNRNPD
HSPA8,NUP54
HSPA8,DNAJB14
PIGY,PYURF
MANF,ANXA5
CASP1,EIF4E
BBIP1,BBS12
BBIP1,BBS7
CRYAB,SNCA
TRAF6,NFKB1
TRAF6,UBE2D3
TRAF6,TIFA
TRAF6,MAPK10
EIF4G2,EIF4E
EIF4G2,CASP6
CLNS1A,LSM6
H2AFX,LEF1
INTS4,INTS12
CDC27,MAD2L1
CDC27,ANAPC10
RPS25,ABCE1
RPS25,RPL34
FAU,RPL34
FAU,MRPL1
FAU,ABCE1
POLN,HELQ
RPS13,ABCE1
RPS13,RPL34
EIF3M,ABCE1
EIF3M,COPS4
DICER1,EIF4E
TNKS1BP1,CNOT6L
HIF1A,UBE2D3
COPS7A,COPS4
BBS12,TTC8
BBS12,CCT8
BBS12,BBS2
BBS12,CCT2
BBS12,TCP1
BBS12,MKKS
BBS12,BBS1
BBS12,BBS7
BBS12,BBS10
BBS12,CCT3
BBS12,BBS9
BBS12,BBIP1
BBS12,BBS5
BBS12,BBS4
CUL7,ANAPC10
ANAPC15,ANAPC10
ANAPC15,MAD2L1
ARF1,USO1
PSMD9,HNRNPD
PSMD9,NFKB1
CYP2E1,ADH5
CYP2E1,ADH1C
CYP2E1,ADH1B
CYP2E1,CYP2U1
NDUFC1,NDUFA6
NDUFC1,USMG5
NDUFC1,NDUFA3
NDUFC1,NDUFB2
NDUFC1,MT-ND4L
NDUFC1,NDUFS8
NDUFC1,MT-ND2
NDUFC1,NDUFB11
NDUFC1,NDUFA9
NDUFC1,UQCR10
NDUFC1,MT-ND4
NDUFC1,NDUFA4
NDUFC1,NDUFS2
NDUFC1,UQCR11
NDUFC1,NDUFB8
NDUFC1,NDUFS7
NDUFC1,NDUFS5
NDUFC1,NDUFA8
NDUFC1,MT-ND6
NDUFC1,NDUFAB1
NDUFC1,UQCRQ
NDUFC1,MT-ND1
NDUFC1,NDUFA2
NDUFC1,NDUFB9
NDUFC1,NDUFA7
NDUFC1,NDUFS6
NDUFC1,NDUFA11
NDUFC1,NDUFV1
NDUFC1,MT-ND3
NDUFC1,NDUFB7
NDUFC1,NDUFS3
NDUFC1,UQCRH
NDUFC1,CYC1
NDUFC1,NDUFA10
NDUFC1,NDUFS1
NDUFC1,NDUFB5
NDUFC1,NDUFA13
NDUFC1,MT-ND5
NDUFC1,NDUFB1
NDUFC1,UQCRB
NDUFC1,NDUFA1
NDUFC1,NDUFAF1
NDUFC1,NDUFS4
NDUFC1,NDUFC2
NDUFC1,NDUFV3
NDUFC1,NDUFB4
NDUFC1,NDUFB10
NDUFC1,NDUFB3
NDUFC1,COX5A
NDUFC1,NDUFB6
NDUFC1,NDUFV2
NDUFC1,UQCRFS1
NDUFC1,NDUFA12
NDUFC1,NDUFA5
UBC,SMAD1
UBC,UBE2D3
UBC,HNRNPD
CCR3,CXCL10
CCR3,CXCL11
ITGAM,NFKB1
SALL3,COQ2
ORC4,CCNA2
SMAD5,SMAD1
SMAD5,UBE2D3
CDCA3,CCNA2
TET2,CXXC4
TET2,EBF1
TET2,DNMT3A
TET2,HDAC2
TET2,NANOG
TET2,ASXL1
TET2,FOXO3
TET2,OGT
TET2,WT1
TET2,SPI1
HIST4H4,SMARCA5
KLHL13,KLHL8
TMEM258,OSTC
LPAR2,CXCL8
LPAR2,NFKB1
NUP153,EIF4E
NUP153,NUP54
NUP153,HSPA4L
NUP153,MAD2L1
POLR1B,SDAD1
POLR1B,GAR1
OTUB1,UBE2D3
USO1,GBF1
USO1,STX5
USO1,SEC24B
USO1,CCNB1
USO1,ARF1
USO1,GOLGA2
USO1,YKT6
USO1,GOLGB1
USO1,RAB1A
USO1,CCNB2
USO1,TRAPPC3
USO1,SCFD1
USO1,RAB1B
USO1,COPB1
USO1,CDK1
USO1,COG2
USO1,TRAPPC1
USO1,GORASP1
USO1,STX17
USO1,SEC13
USO1,COPA
USO1,GOSR2
USO1,BET1
USO1,COG3
USO1,SEC22B
CUL2,COPS4
HCK,DAPP1
HCK,CXCL8
HCK,GAB1
HCK,SNCA
HCK,PTPN13
CPSF3L,INTS12
PIK3C2G,INPP4B
CNOT4,EIF4E
CNOT4,CNOT6L
MMAB,MMAA
VIM,CASP6
RRP12,SDAD1
RAN,NUP54
RAN,NFKB1
LSM14A,EIF4E
BPNT1,PAPSS1
BAZ2A,SMARCA5
RPL18,RPL34
FRS2,GAB1
RAB3IP,BBS7
NUP37,HSPA4L
NUP37,EIF4E
APAF1,CASP6
C17orf49,SMARCA5
RPLP0,ABCE1
RPLP0,RPL34
ENSG00000257411,SDAD1
MRPL42,MRPL1
MRPL42,MRPS18C
UBE2J1,UBE2D3
HNRNPC,HNRNPD
HNRNPC,NUP54
NUMB,BMP2K
MOAP1,RASSF6
LIN52,LIN54
AKT1,NFKB1
AKT1,LAMTOR3
AKT1,GAB1
RGMA,SMAD1
NAA30,NAA15
ITGB3,SPP1
ITGB3,FGF2
RPL28,RPL34
MAN2A2,RAB33B
NUSAP1,MAD2L1
NUSAP1,CCNA2
TRAF3,MAPK10
RBM15B,METTL14
ENSG00000260342,RPL34
ENSG00000260836,RPL34
SNUPN,NUP54
SCAPER,CCNA2
BOP1,GAR1
OBSCN,ANK2
ST20-MTHFS,MTHFD2L
KCTD13,KLHL8
MLST8,EIF4E
INO80E,COPS4
SZT2,LAMTOR3
USP10,G3BP2
OST4,OSTC
ACTG1,ANXA5
METTL4,METTL14
NDUFAB1,NDUFC1
ALOX15,CYP2U1
NUP88,EIF4E
NUP88,NUP54
NUP88,HSPA4L
PRPF8,LSM6
RSL1D1,SDAD1
CTDNEP1,PPP3CA
MRPS21,MRPS18C
HIST2H4B,SMARCA5
YES1,UNC5C
YES1,DAPP1
YES1,PTPN13
YES1,SNCA
HIST2H4A,SMARCA5
GDF2,SMAD1
RPL17-C18orf32,RPL34
SEC22B,SEC24B
SEC22B,USO1
RPL26,RPL34
RPL36,RPL34
C18orf32,RPL34
RPL27,RPL34
MAP4K1,DAPP1
ACSBG2,ELOVL6
TLE2,LEF1
TTN,ANXA5
UQCR11,NDUFC1
RPS15,ABCE1
RPS15,RPL34
RPS15,MRPL1
SARM1,MAPK10
ERC1,NFKB1
MAP2K6,CXCL11
MAP2K6,CXCL10
MAP2K6,PF4
PAK4,GAB1
NTF4,GAB1
LSM4,LSM6
UPF1,EIF4E
IL12RB1,NFKB1
RPS19,ABCE1
RPS19,RPL34
NUP62,EIF4E
NUP62,NUP54
NUP62,HSPA4L
IRF3,HERC5
RPS28,ABCE1
RPS28,RPL34
RPS5,ABCE1
RPS5,RPL34
RUVBL2,GAR1
FBLL1,GAR1
CCL5,CXCL9
CCL5,CXCL8
CCL5,CXCL1
CCL5,CXCL2
CCL5,CXCL10
CCL5,PF4
HADH,ACAA2
HADH,EHHADH
HADH,ACAA1
HADH,ACAT1
HADH,ACADM
HADH,SCP2
HADH,ECHS1
HADH,HADHB
RPS10-NUDT3,ABCE1
RPS10-NUDT3,RPL34
DCP1A,LSM6
WDR18,SDAD1
HIST1H2BJ,SMARCA5
GAN,KLHL8
PPM1K,BCKDHB
PPM1K,DBT
PPM1K,DLD
PPM1K,BCKDHA
SCOC,FEZ2
SCOC,FEZ1
CYP4F8,CYP2U1
BIRC2,CASP6
BIRC2,UBE2D3
CPEB1,EIF4E
ANAPC16,ANAPC10
ANAPC16,MAD2L1
TPT1,RPL34
PTCRA,MAML3
AATF,SDAD1
TOX4,PPP3CA
CCL3,CXCL1
CCL3,CXCL2
CCL3,CXCL8
CCL3,CXCL10
NOS1,PPP3CA
ENSG00000214026,MRPS18C
MTHFD1L,MTHFD2L
POLR2E,METTL14
UBE2F,UBE2D3
ANAPC10,BUB1B
ANAPC10,CDC23
ANAPC10,CDC6
ANAPC10,ANAPC1
ANAPC10,BMI1
ANAPC10,FZR1
ANAPC10,RING1
ANAPC10,CDC20
ANAPC10,BRCC3
ANAPC10,CDKN1A
ANAPC10,PCGF6
ANAPC10,ANAPC5
ANAPC10,CUL7
ANAPC10,ANAPC16
ANAPC10,BRCA1
ANAPC10,ANAPC11
ANAPC10,ANAPC15
ANAPC10,UBE2D1
ANAPC10,MAD2L1
ANAPC10,CDC26
ANAPC10,UBE2S
ANAPC10,BUB3
ANAPC10,NEK2
ANAPC10,CDC27
ANAPC10,CBX8
ANAPC10,FBXO5
ANAPC10,UBE2C
ANAPC10,CDKN1B
ANAPC10,RNF2
ANAPC10,ANAPC4
ANAPC10,CDC16
ANAPC10,ANAPC2
ANAPC10,ANAPC13
ANAPC10,BRE
ANAPC10,BARD1
ANAPC10,ANAPC7
ZNF274,MAPK10
VEGFA,GAB1
VEGFA,FGF2
DDX6,EIF4E
DDX6,LSM6
PPP1R9B,PPP3CA
YAP1,SMAD1
ENC1,KLHL8
HIST1H4A,SMARCA5
HIST1H4D,SMARCA5
PCID2,MAD2L1
UHRF1,CCNA2
MYC,MAML3
MYC,HPGDS
MYC,LEF1
RPS6KA5,NFKB1
HIST1H4K,SMARCA5
POLR2A,METTL14
TRAPPC3,USO1
ITCH,UBE2D3
CCL3L3,CXCL10
CCL3L3,CXCL8
CCL3L3,CXCL1
CCL3L3,CXCL2
HIST1H3A,SETD7
HIST1H4L,SMARCA5
MCM3,CCNA2
PSMC3,NFKB1
PSMC3,HNRNPD
PSMC3,SNCA
CYFIP1,EIF4E
E2F8,CCNA2
HIST1H4I,SMARCA5
GRIA3,CAMK2D
TNFAIP3,TNIP3
RPS10,ABCE1
RPS10,RPL34
SPRY1,HRAS
SPRY1,SPRY3
SPRY1,GRB2
SPRY1,SPRY4
SPRY1,RASA1
SPRY1,CBL
SPRY1,SPRY2
SPRY1,PTPRB
RSRC1,RPL34
GNB1,CXCL8
PTGES3,GAR1
PTGES3,HPGDS
CPEB3,CNOT6L
PLEKHA2,PTPN13
CCL4,CXCL8
CCL4,CXCL2
CCL4,CXCL1
CCL4,CXCL10
TTC8,BBS12
TTC8,BBS7
PLCG2,DAPP1
MGST2,MGST1
HIST1H2BB,LEF1
PTPN9,PTPN13
DCAF7,COPS4
HNRNPDL,HNRNPH3
HNRNPDL,HNRNPH1
HNRNPDL,HNRNPF
HNRNPDL,STAT4
HNRNPDL,PTBP1
HNRNPDL,HNRNPL
NSA2,SDAD1
DDX27,SDAD1
FURIN,ANTXR2
PSMB3,NFKB1
PSMB3,HNRNPD
NPRL3,LAMTOR3
IKBKG,NFKB1
IKBKG,UBE2D3
TSPAN33,TSPAN5
CPSF1,NUP54
GATSL2,LAMTOR3
HIST1H4E,SMARCA5
EXOC5,PKD2
MRPL45,MRPL1
EIF3L,ABCE1
